ISO-10303-21;
HEADER;
/* Generated by software containing ST-Developer
 * from STEP Tools, Inc. (www.steptools.com) 
 */

FILE_DESCRIPTION(
/* description */ ('STEP AP242 Edition 2'),
/* implementation_level */ '2;1');

FILE_NAME(
/* name */ 'The Clicking Clock STEP File.step',
/* time_stamp */ '2026-09-23T01:25:03+05:45',
/* author */ (''),
/* organization */ (''),
/* preprocessor_version */ 'ST-DEVELOPER v20.2',
/* originating_system */ 'Autodesk Translation Framework v15.15.0.0',
/* authorisation */ '');

FILE_SCHEMA (('AUTOMOTIVE_DESIGN { 1 0 10303 214 3 1 1 }'));
ENDSEC;

DATA;
#10=MECHANICAL_DESIGN_GEOMETRIC_PRESENTATION_REPRESENTATION('',(#17,#18),
#3687);
#11=SHAPE_REPRESENTATION_RELATIONSHIP('SRR','None',#3693,#12);
#12=ADVANCED_BREP_SHAPE_REPRESENTATION('',(#19,#20),#3686);
#13=(
BOUNDED_SURFACE()
B_SPLINE_SURFACE(2,2,((#3522,#3523,#3524),(#3525,#3526,#3527),(#3528,#3529,
#3530)),.UNSPECIFIED.,.F.,.F.,.F.)
B_SPLINE_SURFACE_WITH_KNOTS((3,3),(3,3),(-1.5707963267949,0.),(-3.14159265358979,
-1.5707963267949),.UNSPECIFIED.)
GEOMETRIC_REPRESENTATION_ITEM()
RATIONAL_B_SPLINE_SURFACE(((1.,0.707106781186548,1.),(0.70710678118655,
0.500000000000002,0.70710678118655),(1.,0.707106781186548,1.)))
REPRESENTATION_ITEM('')
SURFACE()
);
#14=(
BOUNDED_SURFACE()
B_SPLINE_SURFACE(2,2,((#3545,#3546,#3547),(#3548,#3549,#3550),(#3551,#3552,
#3553)),.UNSPECIFIED.,.F.,.F.,.F.)
B_SPLINE_SURFACE_WITH_KNOTS((3,3),(3,3),(-1.5707963267949,0.),(-1.5707963267949,
0.),.UNSPECIFIED.)
GEOMETRIC_REPRESENTATION_ITEM()
RATIONAL_B_SPLINE_SURFACE(((1.,0.707106781186548,1.),(0.707106781186547,
0.5,0.707106781186547),(1.,0.707106781186548,1.)))
REPRESENTATION_ITEM('')
SURFACE()
);
#15=(
BOUNDED_SURFACE()
B_SPLINE_SURFACE(2,2,((#3565,#3566,#3567),(#3568,#3569,#3570),(#3571,#3572,
#3573)),.UNSPECIFIED.,.F.,.F.,.F.)
B_SPLINE_SURFACE_WITH_KNOTS((3,3),(3,3),(-1.5707963267949,0.),(0.,1.5707963267949),
 .UNSPECIFIED.)
GEOMETRIC_REPRESENTATION_ITEM()
RATIONAL_B_SPLINE_SURFACE(((1.,0.707106781186548,1.),(0.707106781186547,
0.5,0.707106781186547),(1.,0.707106781186548,1.)))
REPRESENTATION_ITEM('')
SURFACE()
);
#16=(
BOUNDED_SURFACE()
B_SPLINE_SURFACE(2,2,((#3585,#3586,#3587),(#3588,#3589,#3590),(#3591,#3592,
#3593)),.UNSPECIFIED.,.F.,.F.,.F.)
B_SPLINE_SURFACE_WITH_KNOTS((3,3),(3,3),(-1.5707963267949,0.),(1.5707963267949,
3.14159265358979),.UNSPECIFIED.)
GEOMETRIC_REPRESENTATION_ITEM()
RATIONAL_B_SPLINE_SURFACE(((1.,0.707106781186548,1.),(0.70710678118655,
0.500000000000002,0.70710678118655),(1.,0.707106781186548,1.)))
REPRESENTATION_ITEM('')
SURFACE()
);
#17=STYLED_ITEM('',(#3702),#19);
#18=STYLED_ITEM('',(#3702),#20);
#19=MANIFOLD_SOLID_BREP('Body1',#2193);
#20=MANIFOLD_SOLID_BREP('Body6',#2194);
#21=ELLIPSE('',#2319,0.00141421356237309,0.001);
#22=TOROIDAL_SURFACE('',#2316,0.0019539384865344,0.001);
#23=TOROIDAL_SURFACE('',#2322,0.002,0.001);
#24=B_SPLINE_CURVE_WITH_KNOTS('',3,(#3431,#3432,#3433,#3434,#3435,#3436,
#3437,#3438,#3439,#3440,#3441,#3442,#3443,#3444),.UNSPECIFIED.,.F.,.F.,
(4,2,2,2,2,2,4),(-0.17324885209952,-0.15314891342379,-0.118029585922111,
-0.0590147929610554,-0.0295073964805277,-0.0147536982402638,0.),
 .UNSPECIFIED.);
#25=B_SPLINE_CURVE_WITH_KNOTS('',3,(#3450,#3451,#3452,#3453,#3454,#3455,
#3456,#3457,#3458,#3459,#3460,#3461),.UNSPECIFIED.,.F.,.F.,(4,2,2,2,2,4),
(0.486344074601207,0.560539664003249,0.60165534564526,0.631662467511386,
0.643027465600917,0.660440834757021),.UNSPECIFIED.);
#26=B_SPLINE_CURVE_WITH_KNOTS('',3,(#3471,#3472,#3473,#3474,#3475,#3476),
 .UNSPECIFIED.,.F.,.F.,(4,2,4),(0.,0.117562819132908,0.194026045695579),
 .UNSPECIFIED.);
#27=FACE_BOUND('',#289,.T.);
#28=FACE_BOUND('',#295,.T.);
#29=FACE_BOUND('',#297,.T.);
#30=FACE_BOUND('',#300,.T.);
#31=FACE_BOUND('',#302,.T.);
#32=FACE_BOUND('',#305,.T.);
#33=FACE_BOUND('',#309,.T.);
#34=FACE_BOUND('',#310,.T.);
#35=FACE_BOUND('',#311,.T.);
#36=FACE_BOUND('',#312,.T.);
#37=FACE_BOUND('',#313,.T.);
#38=FACE_BOUND('',#342,.T.);
#39=FACE_BOUND('',#343,.T.);
#40=FACE_BOUND('',#344,.T.);
#41=FACE_BOUND('',#345,.T.);
#42=FACE_BOUND('',#375,.T.);
#43=FACE_BOUND('',#376,.T.);
#44=FACE_BOUND('',#377,.T.);
#45=FACE_BOUND('',#378,.T.);
#46=FACE_BOUND('',#380,.T.);
#47=FACE_BOUND('',#394,.T.);
#48=FACE_BOUND('',#409,.T.);
#49=FACE_BOUND('',#410,.T.);
#50=FACE_BOUND('',#411,.T.);
#51=FACE_BOUND('',#412,.T.);
#52=FACE_BOUND('',#413,.T.);
#53=FACE_BOUND('',#417,.T.);
#54=FACE_BOUND('',#418,.T.);
#55=FACE_BOUND('',#419,.T.);
#56=FACE_BOUND('',#420,.T.);
#57=FACE_BOUND('',#421,.T.);
#58=CIRCLE('',#2210,0.002);
#59=CIRCLE('',#2211,0.002);
#60=CIRCLE('',#2212,0.002);
#61=CIRCLE('',#2215,0.002);
#62=CIRCLE('',#2216,0.002);
#63=CIRCLE('',#2225,0.003);
#64=CIRCLE('',#2226,0.0023);
#65=CIRCLE('',#2228,0.001);
#66=CIRCLE('',#2229,0.0019539384865344);
#67=CIRCLE('',#2231,0.003);
#68=CIRCLE('',#2232,0.0023);
#69=CIRCLE('',#2234,0.003);
#70=CIRCLE('',#2235,0.0023);
#71=CIRCLE('',#2238,0.003);
#72=CIRCLE('',#2239,0.0023);
#73=CIRCLE('',#2243,0.004);
#74=CIRCLE('',#2244,0.004);
#75=CIRCLE('',#2245,0.004);
#76=CIRCLE('',#2246,0.004);
#77=CIRCLE('',#2247,0.0016);
#78=CIRCLE('',#2248,0.0016);
#79=CIRCLE('',#2249,0.0016);
#80=CIRCLE('',#2250,0.0016);
#81=CIRCLE('',#2251,0.001);
#82=CIRCLE('',#2254,0.003);
#83=CIRCLE('',#2257,0.003);
#84=CIRCLE('',#2260,0.003);
#85=CIRCLE('',#2263,0.003);
#86=CIRCLE('',#2281,0.004);
#87=CIRCLE('',#2284,0.004);
#88=CIRCLE('',#2287,0.004);
#89=CIRCLE('',#2289,0.004);
#90=CIRCLE('',#2292,0.0016);
#91=CIRCLE('',#2295,0.0016);
#92=CIRCLE('',#2298,0.0016);
#93=CIRCLE('',#2301,0.0016);
#94=CIRCLE('',#2312,0.001);
#95=CIRCLE('',#2315,0.001);
#96=CIRCLE('',#2317,0.001);
#97=CIRCLE('',#2321,0.00100000000000001);
#98=CIRCLE('',#2323,0.002);
#99=CIRCLE('',#2330,0.0023);
#100=CIRCLE('',#2333,0.0023);
#101=CIRCLE('',#2337,0.0023);
#102=CIRCLE('',#2341,0.0023);
#103=CIRCLE('',#2346,0.00199999999999999);
#104=CIRCLE('',#2347,0.002);
#105=CIRCLE('',#2348,0.002);
#106=CIRCLE('',#2349,0.004);
#107=CIRCLE('',#2351,0.002);
#108=CIRCLE('',#2352,0.002);
#109=CIRCLE('',#2353,0.004);
#110=CIRCLE('',#2354,0.002);
#111=CIRCLE('',#2356,0.002);
#112=CIRCLE('',#2357,0.002);
#113=CIRCLE('',#2358,0.004);
#114=CIRCLE('',#2359,0.002);
#115=CIRCLE('',#2361,0.002);
#116=CIRCLE('',#2362,0.002);
#117=CIRCLE('',#2363,0.004);
#118=CIRCLE('',#2364,0.002);
#119=CIRCLE('',#2368,0.004);
#120=CIRCLE('',#2371,0.004);
#121=CIRCLE('',#2373,0.0016);
#122=CIRCLE('',#2374,0.0016);
#123=CIRCLE('',#2375,0.0016);
#124=CIRCLE('',#2376,0.0016);
#125=CIRCLE('',#2378,0.004);
#126=CIRCLE('',#2381,0.004);
#127=CIRCLE('',#2382,0.0016);
#128=CIRCLE('',#2383,0.0016);
#129=CIRCLE('',#2384,0.0016);
#130=CIRCLE('',#2385,0.0016);
#131=CYLINDRICAL_SURFACE('',#2209,0.002);
#132=CYLINDRICAL_SURFACE('',#2214,0.002);
#133=CYLINDRICAL_SURFACE('',#2253,0.003);
#134=CYLINDRICAL_SURFACE('',#2256,0.003);
#135=CYLINDRICAL_SURFACE('',#2259,0.003);
#136=CYLINDRICAL_SURFACE('',#2262,0.003);
#137=CYLINDRICAL_SURFACE('',#2280,0.004);
#138=CYLINDRICAL_SURFACE('',#2283,0.004);
#139=CYLINDRICAL_SURFACE('',#2286,0.004);
#140=CYLINDRICAL_SURFACE('',#2288,0.004);
#141=CYLINDRICAL_SURFACE('',#2291,0.0016);
#142=CYLINDRICAL_SURFACE('',#2294,0.0016);
#143=CYLINDRICAL_SURFACE('',#2297,0.0016);
#144=CYLINDRICAL_SURFACE('',#2300,0.0016);
#145=CYLINDRICAL_SURFACE('',#2311,0.001);
#146=CYLINDRICAL_SURFACE('',#2314,0.001);
#147=CYLINDRICAL_SURFACE('',#2318,0.001);
#148=CYLINDRICAL_SURFACE('',#2320,0.001);
#149=CYLINDRICAL_SURFACE('',#2329,0.0023);
#150=CYLINDRICAL_SURFACE('',#2332,0.0023);
#151=CYLINDRICAL_SURFACE('',#2336,0.0023);
#152=CYLINDRICAL_SURFACE('',#2340,0.0023);
#153=CYLINDRICAL_SURFACE('',#2350,0.002);
#154=CYLINDRICAL_SURFACE('',#2355,0.002);
#155=CYLINDRICAL_SURFACE('',#2360,0.002);
#156=CYLINDRICAL_SURFACE('',#2365,0.002);
#157=CYLINDRICAL_SURFACE('',#2367,0.004);
#158=CYLINDRICAL_SURFACE('',#2370,0.004);
#159=CYLINDRICAL_SURFACE('',#2377,0.004);
#160=CYLINDRICAL_SURFACE('',#2386,0.004);
#161=CYLINDRICAL_SURFACE('',#2387,0.0016);
#162=CYLINDRICAL_SURFACE('',#2388,0.0016);
#163=CYLINDRICAL_SURFACE('',#2389,0.0016);
#164=CYLINDRICAL_SURFACE('',#2390,0.0016);
#165=FACE_OUTER_BOUND('',#283,.T.);
#166=FACE_OUTER_BOUND('',#284,.T.);
#167=FACE_OUTER_BOUND('',#285,.T.);
#168=FACE_OUTER_BOUND('',#286,.T.);
#169=FACE_OUTER_BOUND('',#287,.T.);
#170=FACE_OUTER_BOUND('',#288,.T.);
#171=FACE_OUTER_BOUND('',#290,.T.);
#172=FACE_OUTER_BOUND('',#291,.T.);
#173=FACE_OUTER_BOUND('',#292,.T.);
#174=FACE_OUTER_BOUND('',#293,.T.);
#175=FACE_OUTER_BOUND('',#294,.T.);
#176=FACE_OUTER_BOUND('',#296,.T.);
#177=FACE_OUTER_BOUND('',#298,.T.);
#178=FACE_OUTER_BOUND('',#299,.T.);
#179=FACE_OUTER_BOUND('',#301,.T.);
#180=FACE_OUTER_BOUND('',#303,.T.);
#181=FACE_OUTER_BOUND('',#304,.T.);
#182=FACE_OUTER_BOUND('',#306,.T.);
#183=FACE_OUTER_BOUND('',#307,.T.);
#184=FACE_OUTER_BOUND('',#308,.T.);
#185=FACE_OUTER_BOUND('',#314,.T.);
#186=FACE_OUTER_BOUND('',#315,.T.);
#187=FACE_OUTER_BOUND('',#316,.T.);
#188=FACE_OUTER_BOUND('',#317,.T.);
#189=FACE_OUTER_BOUND('',#318,.T.);
#190=FACE_OUTER_BOUND('',#319,.T.);
#191=FACE_OUTER_BOUND('',#320,.T.);
#192=FACE_OUTER_BOUND('',#321,.T.);
#193=FACE_OUTER_BOUND('',#322,.T.);
#194=FACE_OUTER_BOUND('',#323,.T.);
#195=FACE_OUTER_BOUND('',#324,.T.);
#196=FACE_OUTER_BOUND('',#325,.T.);
#197=FACE_OUTER_BOUND('',#326,.T.);
#198=FACE_OUTER_BOUND('',#327,.T.);
#199=FACE_OUTER_BOUND('',#328,.T.);
#200=FACE_OUTER_BOUND('',#329,.T.);
#201=FACE_OUTER_BOUND('',#330,.T.);
#202=FACE_OUTER_BOUND('',#331,.T.);
#203=FACE_OUTER_BOUND('',#332,.T.);
#204=FACE_OUTER_BOUND('',#333,.T.);
#205=FACE_OUTER_BOUND('',#334,.T.);
#206=FACE_OUTER_BOUND('',#335,.T.);
#207=FACE_OUTER_BOUND('',#336,.T.);
#208=FACE_OUTER_BOUND('',#337,.T.);
#209=FACE_OUTER_BOUND('',#338,.T.);
#210=FACE_OUTER_BOUND('',#339,.T.);
#211=FACE_OUTER_BOUND('',#340,.T.);
#212=FACE_OUTER_BOUND('',#341,.T.);
#213=FACE_OUTER_BOUND('',#346,.T.);
#214=FACE_OUTER_BOUND('',#347,.T.);
#215=FACE_OUTER_BOUND('',#348,.T.);
#216=FACE_OUTER_BOUND('',#349,.T.);
#217=FACE_OUTER_BOUND('',#350,.T.);
#218=FACE_OUTER_BOUND('',#351,.T.);
#219=FACE_OUTER_BOUND('',#352,.T.);
#220=FACE_OUTER_BOUND('',#353,.T.);
#221=FACE_OUTER_BOUND('',#354,.T.);
#222=FACE_OUTER_BOUND('',#355,.T.);
#223=FACE_OUTER_BOUND('',#356,.T.);
#224=FACE_OUTER_BOUND('',#357,.T.);
#225=FACE_OUTER_BOUND('',#358,.T.);
#226=FACE_OUTER_BOUND('',#359,.T.);
#227=FACE_OUTER_BOUND('',#360,.T.);
#228=FACE_OUTER_BOUND('',#361,.T.);
#229=FACE_OUTER_BOUND('',#362,.T.);
#230=FACE_OUTER_BOUND('',#363,.T.);
#231=FACE_OUTER_BOUND('',#364,.T.);
#232=FACE_OUTER_BOUND('',#365,.T.);
#233=FACE_OUTER_BOUND('',#366,.T.);
#234=FACE_OUTER_BOUND('',#367,.T.);
#235=FACE_OUTER_BOUND('',#368,.T.);
#236=FACE_OUTER_BOUND('',#369,.T.);
#237=FACE_OUTER_BOUND('',#370,.T.);
#238=FACE_OUTER_BOUND('',#371,.T.);
#239=FACE_OUTER_BOUND('',#372,.T.);
#240=FACE_OUTER_BOUND('',#373,.T.);
#241=FACE_OUTER_BOUND('',#374,.T.);
#242=FACE_OUTER_BOUND('',#379,.T.);
#243=FACE_OUTER_BOUND('',#381,.T.);
#244=FACE_OUTER_BOUND('',#382,.T.);
#245=FACE_OUTER_BOUND('',#383,.T.);
#246=FACE_OUTER_BOUND('',#384,.T.);
#247=FACE_OUTER_BOUND('',#385,.T.);
#248=FACE_OUTER_BOUND('',#386,.T.);
#249=FACE_OUTER_BOUND('',#387,.T.);
#250=FACE_OUTER_BOUND('',#388,.T.);
#251=FACE_OUTER_BOUND('',#389,.T.);
#252=FACE_OUTER_BOUND('',#390,.T.);
#253=FACE_OUTER_BOUND('',#391,.T.);
#254=FACE_OUTER_BOUND('',#392,.T.);
#255=FACE_OUTER_BOUND('',#393,.T.);
#256=FACE_OUTER_BOUND('',#395,.T.);
#257=FACE_OUTER_BOUND('',#396,.T.);
#258=FACE_OUTER_BOUND('',#397,.T.);
#259=FACE_OUTER_BOUND('',#398,.T.);
#260=FACE_OUTER_BOUND('',#399,.T.);
#261=FACE_OUTER_BOUND('',#400,.T.);
#262=FACE_OUTER_BOUND('',#401,.T.);
#263=FACE_OUTER_BOUND('',#402,.T.);
#264=FACE_OUTER_BOUND('',#403,.T.);
#265=FACE_OUTER_BOUND('',#404,.T.);
#266=FACE_OUTER_BOUND('',#405,.T.);
#267=FACE_OUTER_BOUND('',#406,.T.);
#268=FACE_OUTER_BOUND('',#407,.T.);
#269=FACE_OUTER_BOUND('',#408,.T.);
#270=FACE_OUTER_BOUND('',#414,.T.);
#271=FACE_OUTER_BOUND('',#415,.T.);
#272=FACE_OUTER_BOUND('',#416,.T.);
#273=FACE_OUTER_BOUND('',#422,.T.);
#274=FACE_OUTER_BOUND('',#423,.T.);
#275=FACE_OUTER_BOUND('',#424,.T.);
#276=FACE_OUTER_BOUND('',#425,.T.);
#277=FACE_OUTER_BOUND('',#426,.T.);
#278=FACE_OUTER_BOUND('',#427,.T.);
#279=FACE_OUTER_BOUND('',#428,.T.);
#280=FACE_OUTER_BOUND('',#429,.T.);
#281=FACE_OUTER_BOUND('',#430,.T.);
#282=FACE_OUTER_BOUND('',#431,.T.);
#283=EDGE_LOOP('',(#1389,#1390,#1391,#1392));
#284=EDGE_LOOP('',(#1393,#1394,#1395,#1396,#1397));
#285=EDGE_LOOP('',(#1398,#1399,#1400,#1401,#1402));
#286=EDGE_LOOP('',(#1403,#1404,#1405,#1406));
#287=EDGE_LOOP('',(#1407,#1408,#1409,#1410));
#288=EDGE_LOOP('',(#1411,#1412,#1413,#1414,#1415,#1416,#1417,#1418));
#289=EDGE_LOOP('',(#1419,#1420,#1421,#1422,#1423,#1424,#1425,#1426,#1427,
#1428));
#290=EDGE_LOOP('',(#1429,#1430,#1431,#1432));
#291=EDGE_LOOP('',(#1433,#1434,#1435,#1436));
#292=EDGE_LOOP('',(#1437,#1438,#1439,#1440));
#293=EDGE_LOOP('',(#1441,#1442,#1443,#1444));
#294=EDGE_LOOP('',(#1445,#1446,#1447,#1448));
#295=EDGE_LOOP('',(#1449,#1450,#1451,#1452));
#296=EDGE_LOOP('',(#1453,#1454,#1455,#1456,#1457));
#297=EDGE_LOOP('',(#1458));
#298=EDGE_LOOP('',(#1459,#1460,#1461,#1462,#1463,#1464,#1465,#1466,#1467));
#299=EDGE_LOOP('',(#1468,#1469,#1470,#1471,#1472));
#300=EDGE_LOOP('',(#1473));
#301=EDGE_LOOP('',(#1474,#1475,#1476,#1477,#1478));
#302=EDGE_LOOP('',(#1479));
#303=EDGE_LOOP('',(#1480,#1481,#1482,#1483,#1484,#1485,#1486,#1487));
#304=EDGE_LOOP('',(#1488,#1489,#1490,#1491,#1492));
#305=EDGE_LOOP('',(#1493));
#306=EDGE_LOOP('',(#1494,#1495,#1496,#1497,#1498,#1499));
#307=EDGE_LOOP('',(#1500,#1501,#1502,#1503));
#308=EDGE_LOOP('',(#1504,#1505,#1506,#1507,#1508,#1509,#1510,#1511));
#309=EDGE_LOOP('',(#1512));
#310=EDGE_LOOP('',(#1513));
#311=EDGE_LOOP('',(#1514));
#312=EDGE_LOOP('',(#1515));
#313=EDGE_LOOP('',(#1516,#1517,#1518,#1519,#1520,#1521,#1522,#1523,#1524,
#1525,#1526));
#314=EDGE_LOOP('',(#1527,#1528,#1529,#1530));
#315=EDGE_LOOP('',(#1531,#1532,#1533,#1534));
#316=EDGE_LOOP('',(#1535,#1536,#1537,#1538));
#317=EDGE_LOOP('',(#1539,#1540,#1541,#1542));
#318=EDGE_LOOP('',(#1543,#1544,#1545,#1546));
#319=EDGE_LOOP('',(#1547,#1548,#1549,#1550));
#320=EDGE_LOOP('',(#1551,#1552,#1553,#1554));
#321=EDGE_LOOP('',(#1555,#1556,#1557,#1558));
#322=EDGE_LOOP('',(#1559,#1560,#1561,#1562));
#323=EDGE_LOOP('',(#1563,#1564,#1565,#1566));
#324=EDGE_LOOP('',(#1567,#1568,#1569,#1570));
#325=EDGE_LOOP('',(#1571,#1572,#1573,#1574));
#326=EDGE_LOOP('',(#1575,#1576,#1577,#1578));
#327=EDGE_LOOP('',(#1579,#1580,#1581,#1582));
#328=EDGE_LOOP('',(#1583,#1584,#1585,#1586));
#329=EDGE_LOOP('',(#1587,#1588,#1589,#1590));
#330=EDGE_LOOP('',(#1591,#1592,#1593,#1594));
#331=EDGE_LOOP('',(#1595,#1596,#1597,#1598));
#332=EDGE_LOOP('',(#1599,#1600,#1601,#1602));
#333=EDGE_LOOP('',(#1603,#1604,#1605,#1606));
#334=EDGE_LOOP('',(#1607,#1608,#1609,#1610));
#335=EDGE_LOOP('',(#1611,#1612,#1613,#1614));
#336=EDGE_LOOP('',(#1615,#1616,#1617,#1618));
#337=EDGE_LOOP('',(#1619,#1620,#1621,#1622));
#338=EDGE_LOOP('',(#1623,#1624,#1625,#1626));
#339=EDGE_LOOP('',(#1627,#1628,#1629,#1630));
#340=EDGE_LOOP('',(#1631,#1632,#1633,#1634));
#341=EDGE_LOOP('',(#1635,#1636,#1637,#1638));
#342=EDGE_LOOP('',(#1639,#1640,#1641,#1642));
#343=EDGE_LOOP('',(#1643,#1644,#1645,#1646));
#344=EDGE_LOOP('',(#1647,#1648,#1649,#1650));
#345=EDGE_LOOP('',(#1651,#1652,#1653,#1654));
#346=EDGE_LOOP('',(#1655,#1656,#1657,#1658));
#347=EDGE_LOOP('',(#1659,#1660,#1661,#1662));
#348=EDGE_LOOP('',(#1663,#1664,#1665,#1666,#1667,#1668,#1669,#1670));
#349=EDGE_LOOP('',(#1671,#1672,#1673,#1674));
#350=EDGE_LOOP('',(#1675));
#351=EDGE_LOOP('',(#1676,#1677,#1678,#1679));
#352=EDGE_LOOP('',(#1680));
#353=EDGE_LOOP('',(#1681,#1682,#1683,#1684));
#354=EDGE_LOOP('',(#1685));
#355=EDGE_LOOP('',(#1686,#1687,#1688,#1689));
#356=EDGE_LOOP('',(#1690));
#357=EDGE_LOOP('',(#1691,#1692,#1693,#1694));
#358=EDGE_LOOP('',(#1695,#1696,#1697,#1698));
#359=EDGE_LOOP('',(#1699,#1700,#1701,#1702));
#360=EDGE_LOOP('',(#1703,#1704,#1705,#1706));
#361=EDGE_LOOP('',(#1707,#1708,#1709,#1710));
#362=EDGE_LOOP('',(#1711,#1712,#1713,#1714));
#363=EDGE_LOOP('',(#1715,#1716,#1717,#1718));
#364=EDGE_LOOP('',(#1719,#1720,#1721,#1722));
#365=EDGE_LOOP('',(#1723,#1724,#1725,#1726));
#366=EDGE_LOOP('',(#1727,#1728,#1729,#1730));
#367=EDGE_LOOP('',(#1731,#1732,#1733,#1734));
#368=EDGE_LOOP('',(#1735,#1736,#1737,#1738));
#369=EDGE_LOOP('',(#1739,#1740,#1741,#1742));
#370=EDGE_LOOP('',(#1743,#1744,#1745,#1746));
#371=EDGE_LOOP('',(#1747,#1748,#1749,#1750));
#372=EDGE_LOOP('',(#1751,#1752,#1753,#1754,#1755,#1756));
#373=EDGE_LOOP('',(#1757,#1758,#1759,#1760,#1761,#1762,#1763,#1764,#1765,
#1766,#1767,#1768,#1769,#1770,#1771,#1772,#1773,#1774,#1775,#1776,#1777,
#1778,#1779,#1780));
#374=EDGE_LOOP('',(#1781,#1782,#1783,#1784,#1785,#1786,#1787,#1788));
#375=EDGE_LOOP('',(#1789,#1790,#1791,#1792));
#376=EDGE_LOOP('',(#1793,#1794,#1795,#1796));
#377=EDGE_LOOP('',(#1797,#1798,#1799,#1800));
#378=EDGE_LOOP('',(#1801,#1802,#1803,#1804));
#379=EDGE_LOOP('',(#1805,#1806,#1807,#1808));
#380=EDGE_LOOP('',(#1809,#1810,#1811,#1812,#1813,#1814,#1815,#1816));
#381=EDGE_LOOP('',(#1817,#1818,#1819,#1820));
#382=EDGE_LOOP('',(#1821,#1822,#1823,#1824));
#383=EDGE_LOOP('',(#1825,#1826,#1827,#1828));
#384=EDGE_LOOP('',(#1829,#1830,#1831,#1832));
#385=EDGE_LOOP('',(#1833,#1834,#1835,#1836));
#386=EDGE_LOOP('',(#1837));
#387=EDGE_LOOP('',(#1838,#1839,#1840,#1841));
#388=EDGE_LOOP('',(#1842,#1843,#1844,#1845));
#389=EDGE_LOOP('',(#1846));
#390=EDGE_LOOP('',(#1847,#1848,#1849,#1850));
#391=EDGE_LOOP('',(#1851,#1852,#1853,#1854));
#392=EDGE_LOOP('',(#1855));
#393=EDGE_LOOP('',(#1856,#1857,#1858,#1859));
#394=EDGE_LOOP('',(#1860,#1861,#1862,#1863,#1864,#1865,#1866,#1867));
#395=EDGE_LOOP('',(#1868));
#396=EDGE_LOOP('',(#1869,#1870,#1871,#1872));
#397=EDGE_LOOP('',(#1873,#1874,#1875,#1876));
#398=EDGE_LOOP('',(#1877,#1878,#1879,#1880));
#399=EDGE_LOOP('',(#1881,#1882,#1883,#1884));
#400=EDGE_LOOP('',(#1885,#1886,#1887,#1888));
#401=EDGE_LOOP('',(#1889,#1890,#1891,#1892));
#402=EDGE_LOOP('',(#1893,#1894,#1895,#1896));
#403=EDGE_LOOP('',(#1897,#1898,#1899,#1900));
#404=EDGE_LOOP('',(#1901,#1902,#1903,#1904));
#405=EDGE_LOOP('',(#1905,#1906,#1907,#1908));
#406=EDGE_LOOP('',(#1909,#1910,#1911,#1912));
#407=EDGE_LOOP('',(#1913,#1914,#1915,#1916));
#408=EDGE_LOOP('',(#1917,#1918,#1919,#1920,#1921,#1922,#1923,#1924));
#409=EDGE_LOOP('',(#1925));
#410=EDGE_LOOP('',(#1926));
#411=EDGE_LOOP('',(#1927));
#412=EDGE_LOOP('',(#1928));
#413=EDGE_LOOP('',(#1929,#1930,#1931,#1932));
#414=EDGE_LOOP('',(#1933,#1934,#1935,#1936));
#415=EDGE_LOOP('',(#1937,#1938,#1939,#1940));
#416=EDGE_LOOP('',(#1941,#1942,#1943,#1944,#1945,#1946,#1947,#1948));
#417=EDGE_LOOP('',(#1949,#1950,#1951,#1952));
#418=EDGE_LOOP('',(#1953));
#419=EDGE_LOOP('',(#1954));
#420=EDGE_LOOP('',(#1955));
#421=EDGE_LOOP('',(#1956));
#422=EDGE_LOOP('',(#1957,#1958,#1959,#1960));
#423=EDGE_LOOP('',(#1961,#1962,#1963,#1964));
#424=EDGE_LOOP('',(#1965,#1966,#1967,#1968));
#425=EDGE_LOOP('',(#1969,#1970,#1971,#1972));
#426=EDGE_LOOP('',(#1973,#1974,#1975,#1976));
#427=EDGE_LOOP('',(#1977,#1978,#1979,#1980));
#428=EDGE_LOOP('',(#1981,#1982,#1983,#1984));
#429=EDGE_LOOP('',(#1985,#1986,#1987,#1988));
#430=EDGE_LOOP('',(#1989,#1990,#1991,#1992));
#431=EDGE_LOOP('',(#1993,#1994,#1995,#1996));
#432=LINE('',#3005,#659);
#433=LINE('',#3007,#660);
#434=LINE('',#3009,#661);
#435=LINE('',#3010,#662);
#436=LINE('',#3018,#663);
#437=LINE('',#3021,#664);
#438=LINE('',#3023,#665);
#439=LINE('',#3025,#666);
#440=LINE('',#3027,#667);
#441=LINE('',#3028,#668);
#442=LINE('',#3033,#669);
#443=LINE('',#3036,#670);
#444=LINE('',#3037,#671);
#445=LINE('',#3041,#672);
#446=LINE('',#3043,#673);
#447=LINE('',#3045,#674);
#448=LINE('',#3047,#675);
#449=LINE('',#3049,#676);
#450=LINE('',#3051,#677);
#451=LINE('',#3053,#678);
#452=LINE('',#3054,#679);
#453=LINE('',#3056,#680);
#454=LINE('',#3058,#681);
#455=LINE('',#3059,#682);
#456=LINE('',#3062,#683);
#457=LINE('',#3064,#684);
#458=LINE('',#3065,#685);
#459=LINE('',#3067,#686);
#460=LINE('',#3069,#687);
#461=LINE('',#3074,#688);
#462=LINE('',#3076,#689);
#463=LINE('',#3078,#690);
#464=LINE('',#3079,#691);
#465=LINE('',#3085,#692);
#466=LINE('',#3087,#693);
#467=LINE('',#3089,#694);
#468=LINE('',#3090,#695);
#469=LINE('',#3095,#696);
#470=LINE('',#3097,#697);
#471=LINE('',#3099,#698);
#472=LINE('',#3101,#699);
#473=LINE('',#3105,#700);
#474=LINE('',#3108,#701);
#475=LINE('',#3114,#702);
#476=LINE('',#3115,#703);
#477=LINE('',#3116,#704);
#478=LINE('',#3123,#705);
#479=LINE('',#3125,#706);
#480=LINE('',#3126,#707);
#481=LINE('',#3131,#708);
#482=LINE('',#3133,#709);
#483=LINE('',#3134,#710);
#484=LINE('',#3135,#711);
#485=LINE('',#3141,#712);
#486=LINE('',#3143,#713);
#487=LINE('',#3145,#714);
#488=LINE('',#3146,#715);
#489=LINE('',#3151,#716);
#490=LINE('',#3153,#717);
#491=LINE('',#3155,#718);
#492=LINE('',#3157,#719);
#493=LINE('',#3158,#720);
#494=LINE('',#3161,#721);
#495=LINE('',#3163,#722);
#496=LINE('',#3164,#723);
#497=LINE('',#3170,#724);
#498=LINE('',#3174,#725);
#499=LINE('',#3178,#726);
#500=LINE('',#3190,#727);
#501=LINE('',#3192,#728);
#502=LINE('',#3194,#729);
#503=LINE('',#3195,#730);
#504=LINE('',#3196,#731);
#505=LINE('',#3199,#732);
#506=LINE('',#3200,#733);
#507=LINE('',#3203,#734);
#508=LINE('',#3207,#735);
#509=LINE('',#3208,#736);
#510=LINE('',#3211,#737);
#511=LINE('',#3215,#738);
#512=LINE('',#3217,#739);
#513=LINE('',#3218,#740);
#514=LINE('',#3221,#741);
#515=LINE('',#3225,#742);
#516=LINE('',#3226,#743);
#517=LINE('',#3229,#744);
#518=LINE('',#3234,#745);
#519=LINE('',#3236,#746);
#520=LINE('',#3238,#747);
#521=LINE('',#3239,#748);
#522=LINE('',#3242,#749);
#523=LINE('',#3244,#750);
#524=LINE('',#3245,#751);
#525=LINE('',#3248,#752);
#526=LINE('',#3250,#753);
#527=LINE('',#3251,#754);
#528=LINE('',#3253,#755);
#529=LINE('',#3254,#756);
#530=LINE('',#3258,#757);
#531=LINE('',#3260,#758);
#532=LINE('',#3262,#759);
#533=LINE('',#3263,#760);
#534=LINE('',#3266,#761);
#535=LINE('',#3268,#762);
#536=LINE('',#3269,#763);
#537=LINE('',#3272,#764);
#538=LINE('',#3274,#765);
#539=LINE('',#3275,#766);
#540=LINE('',#3277,#767);
#541=LINE('',#3278,#768);
#542=LINE('',#3282,#769);
#543=LINE('',#3284,#770);
#544=LINE('',#3286,#771);
#545=LINE('',#3287,#772);
#546=LINE('',#3290,#773);
#547=LINE('',#3292,#774);
#548=LINE('',#3293,#775);
#549=LINE('',#3296,#776);
#550=LINE('',#3298,#777);
#551=LINE('',#3299,#778);
#552=LINE('',#3301,#779);
#553=LINE('',#3302,#780);
#554=LINE('',#3306,#781);
#555=LINE('',#3308,#782);
#556=LINE('',#3310,#783);
#557=LINE('',#3311,#784);
#558=LINE('',#3314,#785);
#559=LINE('',#3316,#786);
#560=LINE('',#3317,#787);
#561=LINE('',#3320,#788);
#562=LINE('',#3322,#789);
#563=LINE('',#3323,#790);
#564=LINE('',#3325,#791);
#565=LINE('',#3326,#792);
#566=LINE('',#3329,#793);
#567=LINE('',#3332,#794);
#568=LINE('',#3335,#795);
#569=LINE('',#3336,#796);
#570=LINE('',#3339,#797);
#571=LINE('',#3342,#798);
#572=LINE('',#3345,#799);
#573=LINE('',#3346,#800);
#574=LINE('',#3352,#801);
#575=LINE('',#3355,#802);
#576=LINE('',#3360,#803);
#577=LINE('',#3365,#804);
#578=LINE('',#3370,#805);
#579=LINE('',#3376,#806);
#580=LINE('',#3378,#807);
#581=LINE('',#3380,#808);
#582=LINE('',#3381,#809);
#583=LINE('',#3384,#810);
#584=LINE('',#3386,#811);
#585=LINE('',#3387,#812);
#586=LINE('',#3390,#813);
#587=LINE('',#3392,#814);
#588=LINE('',#3393,#815);
#589=LINE('',#3396,#816);
#590=LINE('',#3398,#817);
#591=LINE('',#3399,#818);
#592=LINE('',#3402,#819);
#593=LINE('',#3404,#820);
#594=LINE('',#3405,#821);
#595=LINE('',#3408,#822);
#596=LINE('',#3410,#823);
#597=LINE('',#3411,#824);
#598=LINE('',#3414,#825);
#599=LINE('',#3416,#826);
#600=LINE('',#3417,#827);
#601=LINE('',#3419,#828);
#602=LINE('',#3420,#829);
#603=LINE('',#3424,#830);
#604=LINE('',#3427,#831);
#605=LINE('',#3428,#832);
#606=LINE('',#3446,#833);
#607=LINE('',#3467,#834);
#608=LINE('',#3480,#835);
#609=LINE('',#3481,#836);
#610=LINE('',#3484,#837);
#611=LINE('',#3485,#838);
#612=LINE('',#3487,#839);
#613=LINE('',#3488,#840);
#614=LINE('',#3489,#841);
#615=LINE('',#3490,#842);
#616=LINE('',#3491,#843);
#617=LINE('',#3493,#844);
#618=LINE('',#3495,#845);
#619=LINE('',#3499,#846);
#620=LINE('',#3504,#847);
#621=LINE('',#3510,#848);
#622=LINE('',#3516,#849);
#623=LINE('',#3543,#850);
#624=LINE('',#3544,#851);
#625=LINE('',#3563,#852);
#626=LINE('',#3564,#853);
#627=LINE('',#3583,#854);
#628=LINE('',#3584,#855);
#629=LINE('',#3600,#856);
#630=LINE('',#3601,#857);
#631=LINE('',#3604,#858);
#632=LINE('',#3606,#859);
#633=LINE('',#3607,#860);
#634=LINE('',#3610,#861);
#635=LINE('',#3614,#862);
#636=LINE('',#3615,#863);
#637=LINE('',#3618,#864);
#638=LINE('',#3631,#865);
#639=LINE('',#3633,#866);
#640=LINE('',#3635,#867);
#641=LINE('',#3636,#868);
#642=LINE('',#3639,#869);
#643=LINE('',#3642,#870);
#644=LINE('',#3644,#871);
#645=LINE('',#3647,#872);
#646=LINE('',#3651,#873);
#647=LINE('',#3653,#874);
#648=LINE('',#3655,#875);
#649=LINE('',#3656,#876);
#650=LINE('',#3666,#877);
#651=LINE('',#3668,#878);
#652=LINE('',#3670,#879);
#653=LINE('',#3672,#880);
#654=LINE('',#3674,#881);
#655=LINE('',#3676,#882);
#656=LINE('',#3677,#883);
#657=LINE('',#3679,#884);
#658=LINE('',#3681,#885);
#659=VECTOR('',#2400,0.01);
#660=VECTOR('',#2401,0.01);
#661=VECTOR('',#2402,0.01);
#662=VECTOR('',#2403,0.01);
#663=VECTOR('',#2412,0.01);
#664=VECTOR('',#2415,0.01);
#665=VECTOR('',#2416,0.01);
#666=VECTOR('',#2417,0.01);
#667=VECTOR('',#2418,0.01);
#668=VECTOR('',#2419,0.01);
#669=VECTOR('',#2424,0.01);
#670=VECTOR('',#2429,0.01);
#671=VECTOR('',#2430,0.01);
#672=VECTOR('',#2433,0.01);
#673=VECTOR('',#2434,0.01);
#674=VECTOR('',#2435,0.01);
#675=VECTOR('',#2436,0.01);
#676=VECTOR('',#2437,0.01);
#677=VECTOR('',#2438,0.01);
#678=VECTOR('',#2439,0.01);
#679=VECTOR('',#2440,0.01);
#680=VECTOR('',#2441,0.01);
#681=VECTOR('',#2442,0.01);
#682=VECTOR('',#2443,0.01);
#683=VECTOR('',#2446,0.01);
#684=VECTOR('',#2447,0.01);
#685=VECTOR('',#2448,0.01);
#686=VECTOR('',#2451,0.01);
#687=VECTOR('',#2454,0.01);
#688=VECTOR('',#2459,0.01);
#689=VECTOR('',#2460,0.01);
#690=VECTOR('',#2461,0.01);
#691=VECTOR('',#2462,0.01);
#692=VECTOR('',#2467,0.01);
#693=VECTOR('',#2468,0.01);
#694=VECTOR('',#2469,0.01);
#695=VECTOR('',#2470,0.01);
#696=VECTOR('',#2475,0.01);
#697=VECTOR('',#2476,0.01);
#698=VECTOR('',#2477,0.01);
#699=VECTOR('',#2478,0.01);
#700=VECTOR('',#2481,0.001);
#701=VECTOR('',#2484,0.01);
#702=VECTOR('',#2489,0.01);
#703=VECTOR('',#2490,0.01);
#704=VECTOR('',#2491,0.01);
#705=VECTOR('',#2498,0.01);
#706=VECTOR('',#2499,0.01);
#707=VECTOR('',#2500,0.01);
#708=VECTOR('',#2505,0.01);
#709=VECTOR('',#2506,0.01);
#710=VECTOR('',#2507,0.01);
#711=VECTOR('',#2508,0.01);
#712=VECTOR('',#2513,0.01);
#713=VECTOR('',#2514,0.01);
#714=VECTOR('',#2515,0.01);
#715=VECTOR('',#2516,0.01);
#716=VECTOR('',#2521,0.01);
#717=VECTOR('',#2522,0.01);
#718=VECTOR('',#2523,0.01);
#719=VECTOR('',#2524,0.01);
#720=VECTOR('',#2525,0.01);
#721=VECTOR('',#2528,0.01);
#722=VECTOR('',#2529,0.01);
#723=VECTOR('',#2530,0.01);
#724=VECTOR('',#2535,0.01);
#725=VECTOR('',#2538,0.01);
#726=VECTOR('',#2543,0.01);
#727=VECTOR('',#2554,0.01);
#728=VECTOR('',#2555,0.01);
#729=VECTOR('',#2556,0.01);
#730=VECTOR('',#2557,0.01);
#731=VECTOR('',#2558,0.01);
#732=VECTOR('',#2561,0.01);
#733=VECTOR('',#2562,0.01);
#734=VECTOR('',#2565,0.01);
#735=VECTOR('',#2570,0.01);
#736=VECTOR('',#2571,0.01);
#737=VECTOR('',#2574,0.01);
#738=VECTOR('',#2579,0.01);
#739=VECTOR('',#2580,0.01);
#740=VECTOR('',#2581,0.01);
#741=VECTOR('',#2584,0.01);
#742=VECTOR('',#2589,0.01);
#743=VECTOR('',#2590,0.01);
#744=VECTOR('',#2593,0.01);
#745=VECTOR('',#2598,0.01);
#746=VECTOR('',#2599,0.01);
#747=VECTOR('',#2600,0.01);
#748=VECTOR('',#2601,0.01);
#749=VECTOR('',#2604,0.01);
#750=VECTOR('',#2605,0.01);
#751=VECTOR('',#2606,0.01);
#752=VECTOR('',#2609,0.01);
#753=VECTOR('',#2610,0.01);
#754=VECTOR('',#2611,0.01);
#755=VECTOR('',#2614,0.01);
#756=VECTOR('',#2615,0.01);
#757=VECTOR('',#2618,0.01);
#758=VECTOR('',#2619,0.01);
#759=VECTOR('',#2620,0.01);
#760=VECTOR('',#2621,0.01);
#761=VECTOR('',#2624,0.01);
#762=VECTOR('',#2625,0.01);
#763=VECTOR('',#2626,0.01);
#764=VECTOR('',#2629,0.01);
#765=VECTOR('',#2630,0.01);
#766=VECTOR('',#2631,0.01);
#767=VECTOR('',#2634,0.01);
#768=VECTOR('',#2635,0.01);
#769=VECTOR('',#2638,0.01);
#770=VECTOR('',#2639,0.01);
#771=VECTOR('',#2640,0.01);
#772=VECTOR('',#2641,0.01);
#773=VECTOR('',#2644,0.01);
#774=VECTOR('',#2645,0.01);
#775=VECTOR('',#2646,0.01);
#776=VECTOR('',#2649,0.01);
#777=VECTOR('',#2650,0.01);
#778=VECTOR('',#2651,0.01);
#779=VECTOR('',#2654,0.01);
#780=VECTOR('',#2655,0.01);
#781=VECTOR('',#2658,0.01);
#782=VECTOR('',#2659,0.01);
#783=VECTOR('',#2660,0.01);
#784=VECTOR('',#2661,0.01);
#785=VECTOR('',#2664,0.01);
#786=VECTOR('',#2665,0.01);
#787=VECTOR('',#2666,0.01);
#788=VECTOR('',#2669,0.01);
#789=VECTOR('',#2670,0.01);
#790=VECTOR('',#2671,0.01);
#791=VECTOR('',#2674,0.01);
#792=VECTOR('',#2675,0.01);
#793=VECTOR('',#2678,0.01);
#794=VECTOR('',#2681,0.01);
#795=VECTOR('',#2684,0.01);
#796=VECTOR('',#2685,0.01);
#797=VECTOR('',#2688,0.01);
#798=VECTOR('',#2691,0.01);
#799=VECTOR('',#2694,0.01);
#800=VECTOR('',#2695,0.01);
#801=VECTOR('',#2706,0.01);
#802=VECTOR('',#2709,0.0016);
#803=VECTOR('',#2716,0.0016);
#804=VECTOR('',#2723,0.0016);
#805=VECTOR('',#2730,0.0016);
#806=VECTOR('',#2737,0.01);
#807=VECTOR('',#2738,0.01);
#808=VECTOR('',#2739,0.01);
#809=VECTOR('',#2740,0.01);
#810=VECTOR('',#2743,0.01);
#811=VECTOR('',#2744,0.01);
#812=VECTOR('',#2745,0.01);
#813=VECTOR('',#2748,0.01);
#814=VECTOR('',#2749,0.01);
#815=VECTOR('',#2750,0.01);
#816=VECTOR('',#2753,0.01);
#817=VECTOR('',#2754,0.01);
#818=VECTOR('',#2755,0.01);
#819=VECTOR('',#2758,0.01);
#820=VECTOR('',#2759,0.01);
#821=VECTOR('',#2760,0.01);
#822=VECTOR('',#2763,0.01);
#823=VECTOR('',#2764,0.01);
#824=VECTOR('',#2765,0.01);
#825=VECTOR('',#2768,0.01);
#826=VECTOR('',#2769,0.01);
#827=VECTOR('',#2770,0.01);
#828=VECTOR('',#2773,0.01);
#829=VECTOR('',#2774,0.01);
#830=VECTOR('',#2779,0.01);
#831=VECTOR('',#2782,0.01);
#832=VECTOR('',#2783,0.01);
#833=VECTOR('',#2786,0.01);
#834=VECTOR('',#2799,0.01);
#835=VECTOR('',#2808,0.01);
#836=VECTOR('',#2809,0.01);
#837=VECTOR('',#2812,0.01);
#838=VECTOR('',#2813,0.01);
#839=VECTOR('',#2814,0.01);
#840=VECTOR('',#2815,0.01);
#841=VECTOR('',#2816,0.01);
#842=VECTOR('',#2817,0.01);
#843=VECTOR('',#2818,0.01);
#844=VECTOR('',#2821,0.01);
#845=VECTOR('',#2824,0.01);
#846=VECTOR('',#2829,0.0023);
#847=VECTOR('',#2836,0.0023);
#848=VECTOR('',#2845,0.0023);
#849=VECTOR('',#2854,0.0023);
#850=VECTOR('',#2877,0.01);
#851=VECTOR('',#2878,0.01);
#852=VECTOR('',#2889,0.01);
#853=VECTOR('',#2890,0.01);
#854=VECTOR('',#2901,0.01);
#855=VECTOR('',#2902,0.01);
#856=VECTOR('',#2911,0.01);
#857=VECTOR('',#2912,0.01);
#858=VECTOR('',#2915,0.01);
#859=VECTOR('',#2916,0.01);
#860=VECTOR('',#2917,0.01);
#861=VECTOR('',#2920,0.01);
#862=VECTOR('',#2925,0.01);
#863=VECTOR('',#2926,0.01);
#864=VECTOR('',#2929,0.01);
#865=VECTOR('',#2942,0.01);
#866=VECTOR('',#2943,0.01);
#867=VECTOR('',#2944,0.01);
#868=VECTOR('',#2945,0.01);
#869=VECTOR('',#2948,0.01);
#870=VECTOR('',#2951,0.01);
#871=VECTOR('',#2954,0.01);
#872=VECTOR('',#2957,0.01);
#873=VECTOR('',#2960,0.01);
#874=VECTOR('',#2961,0.01);
#875=VECTOR('',#2962,0.01);
#876=VECTOR('',#2963,0.01);
#877=VECTOR('',#2974,0.01);
#878=VECTOR('',#2977,0.0016);
#879=VECTOR('',#2980,0.0016);
#880=VECTOR('',#2983,0.0016);
#881=VECTOR('',#2986,0.0016);
#882=VECTOR('',#2989,0.01);
#883=VECTOR('',#2990,0.01);
#884=VECTOR('',#2993,0.01);
#885=VECTOR('',#2996,0.01);
#886=VERTEX_POINT('',#3003);
#887=VERTEX_POINT('',#3004);
#888=VERTEX_POINT('',#3006);
#889=VERTEX_POINT('',#3008);
#890=VERTEX_POINT('',#3012);
#891=VERTEX_POINT('',#3013);
#892=VERTEX_POINT('',#3016);
#893=VERTEX_POINT('',#3020);
#894=VERTEX_POINT('',#3022);
#895=VERTEX_POINT('',#3024);
#896=VERTEX_POINT('',#3026);
#897=VERTEX_POINT('',#3030);
#898=VERTEX_POINT('',#3032);
#899=VERTEX_POINT('',#3039);
#900=VERTEX_POINT('',#3040);
#901=VERTEX_POINT('',#3042);
#902=VERTEX_POINT('',#3044);
#903=VERTEX_POINT('',#3046);
#904=VERTEX_POINT('',#3048);
#905=VERTEX_POINT('',#3050);
#906=VERTEX_POINT('',#3052);
#907=VERTEX_POINT('',#3055);
#908=VERTEX_POINT('',#3057);
#909=VERTEX_POINT('',#3061);
#910=VERTEX_POINT('',#3063);
#911=VERTEX_POINT('',#3072);
#912=VERTEX_POINT('',#3073);
#913=VERTEX_POINT('',#3075);
#914=VERTEX_POINT('',#3077);
#915=VERTEX_POINT('',#3081);
#916=VERTEX_POINT('',#3082);
#917=VERTEX_POINT('',#3084);
#918=VERTEX_POINT('',#3086);
#919=VERTEX_POINT('',#3088);
#920=VERTEX_POINT('',#3091);
#921=VERTEX_POINT('',#3094);
#922=VERTEX_POINT('',#3096);
#923=VERTEX_POINT('',#3098);
#924=VERTEX_POINT('',#3100);
#925=VERTEX_POINT('',#3102);
#926=VERTEX_POINT('',#3104);
#927=VERTEX_POINT('',#3106);
#928=VERTEX_POINT('',#3110);
#929=VERTEX_POINT('',#3111);
#930=VERTEX_POINT('',#3113);
#931=VERTEX_POINT('',#3117);
#932=VERTEX_POINT('',#3120);
#933=VERTEX_POINT('',#3121);
#934=VERTEX_POINT('',#3124);
#935=VERTEX_POINT('',#3127);
#936=VERTEX_POINT('',#3130);
#937=VERTEX_POINT('',#3132);
#938=VERTEX_POINT('',#3137);
#939=VERTEX_POINT('',#3138);
#940=VERTEX_POINT('',#3140);
#941=VERTEX_POINT('',#3142);
#942=VERTEX_POINT('',#3144);
#943=VERTEX_POINT('',#3147);
#944=VERTEX_POINT('',#3150);
#945=VERTEX_POINT('',#3152);
#946=VERTEX_POINT('',#3154);
#947=VERTEX_POINT('',#3156);
#948=VERTEX_POINT('',#3160);
#949=VERTEX_POINT('',#3162);
#950=VERTEX_POINT('',#3166);
#951=VERTEX_POINT('',#3167);
#952=VERTEX_POINT('',#3169);
#953=VERTEX_POINT('',#3171);
#954=VERTEX_POINT('',#3173);
#955=VERTEX_POINT('',#3176);
#956=VERTEX_POINT('',#3179);
#957=VERTEX_POINT('',#3181);
#958=VERTEX_POINT('',#3183);
#959=VERTEX_POINT('',#3185);
#960=VERTEX_POINT('',#3187);
#961=VERTEX_POINT('',#3189);
#962=VERTEX_POINT('',#3191);
#963=VERTEX_POINT('',#3193);
#964=VERTEX_POINT('',#3198);
#965=VERTEX_POINT('',#3202);
#966=VERTEX_POINT('',#3206);
#967=VERTEX_POINT('',#3210);
#968=VERTEX_POINT('',#3214);
#969=VERTEX_POINT('',#3216);
#970=VERTEX_POINT('',#3220);
#971=VERTEX_POINT('',#3224);
#972=VERTEX_POINT('',#3228);
#973=VERTEX_POINT('',#3232);
#974=VERTEX_POINT('',#3233);
#975=VERTEX_POINT('',#3235);
#976=VERTEX_POINT('',#3237);
#977=VERTEX_POINT('',#3241);
#978=VERTEX_POINT('',#3243);
#979=VERTEX_POINT('',#3247);
#980=VERTEX_POINT('',#3249);
#981=VERTEX_POINT('',#3256);
#982=VERTEX_POINT('',#3257);
#983=VERTEX_POINT('',#3259);
#984=VERTEX_POINT('',#3261);
#985=VERTEX_POINT('',#3265);
#986=VERTEX_POINT('',#3267);
#987=VERTEX_POINT('',#3271);
#988=VERTEX_POINT('',#3273);
#989=VERTEX_POINT('',#3280);
#990=VERTEX_POINT('',#3281);
#991=VERTEX_POINT('',#3283);
#992=VERTEX_POINT('',#3285);
#993=VERTEX_POINT('',#3289);
#994=VERTEX_POINT('',#3291);
#995=VERTEX_POINT('',#3295);
#996=VERTEX_POINT('',#3297);
#997=VERTEX_POINT('',#3304);
#998=VERTEX_POINT('',#3305);
#999=VERTEX_POINT('',#3307);
#1000=VERTEX_POINT('',#3309);
#1001=VERTEX_POINT('',#3313);
#1002=VERTEX_POINT('',#3315);
#1003=VERTEX_POINT('',#3319);
#1004=VERTEX_POINT('',#3321);
#1005=VERTEX_POINT('',#3328);
#1006=VERTEX_POINT('',#3330);
#1007=VERTEX_POINT('',#3334);
#1008=VERTEX_POINT('',#3338);
#1009=VERTEX_POINT('',#3340);
#1010=VERTEX_POINT('',#3344);
#1011=VERTEX_POINT('',#3354);
#1012=VERTEX_POINT('',#3359);
#1013=VERTEX_POINT('',#3364);
#1014=VERTEX_POINT('',#3369);
#1015=VERTEX_POINT('',#3374);
#1016=VERTEX_POINT('',#3375);
#1017=VERTEX_POINT('',#3377);
#1018=VERTEX_POINT('',#3379);
#1019=VERTEX_POINT('',#3383);
#1020=VERTEX_POINT('',#3385);
#1021=VERTEX_POINT('',#3389);
#1022=VERTEX_POINT('',#3391);
#1023=VERTEX_POINT('',#3395);
#1024=VERTEX_POINT('',#3397);
#1025=VERTEX_POINT('',#3401);
#1026=VERTEX_POINT('',#3403);
#1027=VERTEX_POINT('',#3407);
#1028=VERTEX_POINT('',#3409);
#1029=VERTEX_POINT('',#3413);
#1030=VERTEX_POINT('',#3415);
#1031=VERTEX_POINT('',#3422);
#1032=VERTEX_POINT('',#3426);
#1033=VERTEX_POINT('',#3430);
#1034=VERTEX_POINT('',#3445);
#1035=VERTEX_POINT('',#3449);
#1036=VERTEX_POINT('',#3466);
#1037=VERTEX_POINT('',#3470);
#1038=VERTEX_POINT('',#3479);
#1039=VERTEX_POINT('',#3483);
#1040=VERTEX_POINT('',#3486);
#1041=VERTEX_POINT('',#3498);
#1042=VERTEX_POINT('',#3503);
#1043=VERTEX_POINT('',#3509);
#1044=VERTEX_POINT('',#3515);
#1045=VERTEX_POINT('',#3531);
#1046=VERTEX_POINT('',#3532);
#1047=VERTEX_POINT('',#3534);
#1048=VERTEX_POINT('',#3536);
#1049=VERTEX_POINT('',#3540);
#1050=VERTEX_POINT('',#3541);
#1051=VERTEX_POINT('',#3554);
#1052=VERTEX_POINT('',#3555);
#1053=VERTEX_POINT('',#3560);
#1054=VERTEX_POINT('',#3561);
#1055=VERTEX_POINT('',#3574);
#1056=VERTEX_POINT('',#3575);
#1057=VERTEX_POINT('',#3580);
#1058=VERTEX_POINT('',#3581);
#1059=VERTEX_POINT('',#3594);
#1060=VERTEX_POINT('',#3595);
#1061=VERTEX_POINT('',#3603);
#1062=VERTEX_POINT('',#3605);
#1063=VERTEX_POINT('',#3609);
#1064=VERTEX_POINT('',#3613);
#1065=VERTEX_POINT('',#3617);
#1066=VERTEX_POINT('',#3621);
#1067=VERTEX_POINT('',#3623);
#1068=VERTEX_POINT('',#3625);
#1069=VERTEX_POINT('',#3627);
#1070=VERTEX_POINT('',#3629);
#1071=VERTEX_POINT('',#3630);
#1072=VERTEX_POINT('',#3632);
#1073=VERTEX_POINT('',#3634);
#1074=VERTEX_POINT('',#3638);
#1075=VERTEX_POINT('',#3640);
#1076=VERTEX_POINT('',#3646);
#1077=VERTEX_POINT('',#3649);
#1078=VERTEX_POINT('',#3650);
#1079=VERTEX_POINT('',#3652);
#1080=VERTEX_POINT('',#3654);
#1081=VERTEX_POINT('',#3657);
#1082=VERTEX_POINT('',#3659);
#1083=VERTEX_POINT('',#3661);
#1084=VERTEX_POINT('',#3663);
#1085=EDGE_CURVE('',#886,#887,#432,.T.);
#1086=EDGE_CURVE('',#888,#886,#433,.T.);
#1087=EDGE_CURVE('',#889,#888,#434,.T.);
#1088=EDGE_CURVE('',#887,#889,#435,.T.);
#1089=EDGE_CURVE('',#890,#891,#58,.T.);
#1090=EDGE_CURVE('',#891,#889,#59,.T.);
#1091=EDGE_CURVE('',#888,#892,#60,.T.);
#1092=EDGE_CURVE('',#892,#890,#436,.T.);
#1093=EDGE_CURVE('',#893,#891,#437,.T.);
#1094=EDGE_CURVE('',#894,#891,#438,.T.);
#1095=EDGE_CURVE('',#895,#894,#439,.T.);
#1096=EDGE_CURVE('',#896,#895,#440,.T.);
#1097=EDGE_CURVE('',#893,#896,#441,.T.);
#1098=EDGE_CURVE('',#887,#897,#61,.T.);
#1099=EDGE_CURVE('',#897,#898,#442,.T.);
#1100=EDGE_CURVE('',#898,#886,#62,.T.);
#1101=EDGE_CURVE('',#892,#898,#443,.T.);
#1102=EDGE_CURVE('',#890,#897,#444,.T.);
#1103=EDGE_CURVE('',#899,#900,#445,.T.);
#1104=EDGE_CURVE('',#900,#901,#446,.T.);
#1105=EDGE_CURVE('',#902,#901,#447,.T.);
#1106=EDGE_CURVE('',#903,#902,#448,.T.);
#1107=EDGE_CURVE('',#903,#904,#449,.T.);
#1108=EDGE_CURVE('',#904,#905,#450,.T.);
#1109=EDGE_CURVE('',#906,#905,#451,.T.);
#1110=EDGE_CURVE('',#906,#899,#452,.T.);
#1111=EDGE_CURVE('',#893,#907,#453,.T.);
#1112=EDGE_CURVE('',#907,#908,#454,.T.);
#1113=EDGE_CURVE('',#908,#894,#455,.T.);
#1114=EDGE_CURVE('',#895,#909,#456,.T.);
#1115=EDGE_CURVE('',#910,#909,#457,.T.);
#1116=EDGE_CURVE('',#896,#910,#458,.T.);
#1117=EDGE_CURVE('',#907,#910,#459,.T.);
#1118=EDGE_CURVE('',#909,#908,#460,.T.);
#1119=EDGE_CURVE('',#911,#912,#461,.T.);
#1120=EDGE_CURVE('',#913,#911,#462,.T.);
#1121=EDGE_CURVE('',#914,#913,#463,.T.);
#1122=EDGE_CURVE('',#912,#914,#464,.T.);
#1123=EDGE_CURVE('',#915,#916,#63,.T.);
#1124=EDGE_CURVE('',#916,#917,#465,.T.);
#1125=EDGE_CURVE('',#918,#917,#466,.T.);
#1126=EDGE_CURVE('',#919,#918,#467,.T.);
#1127=EDGE_CURVE('',#919,#915,#468,.T.);
#1128=EDGE_CURVE('',#920,#920,#64,.T.);
#1129=EDGE_CURVE('',#921,#919,#469,.T.);
#1130=EDGE_CURVE('',#918,#922,#470,.T.);
#1131=EDGE_CURVE('',#923,#922,#471,.T.);
#1132=EDGE_CURVE('',#924,#923,#472,.T.);
#1133=EDGE_CURVE('',#925,#924,#65,.T.);
#1134=EDGE_CURVE('',#926,#925,#473,.T.);
#1135=EDGE_CURVE('',#927,#926,#66,.T.);
#1136=EDGE_CURVE('',#921,#927,#474,.T.);
#1137=EDGE_CURVE('',#928,#929,#67,.T.);
#1138=EDGE_CURVE('',#929,#930,#475,.T.);
#1139=EDGE_CURVE('',#900,#930,#476,.T.);
#1140=EDGE_CURVE('',#899,#928,#477,.T.);
#1141=EDGE_CURVE('',#931,#931,#68,.T.);
#1142=EDGE_CURVE('',#932,#933,#69,.T.);
#1143=EDGE_CURVE('',#933,#904,#478,.T.);
#1144=EDGE_CURVE('',#934,#903,#479,.T.);
#1145=EDGE_CURVE('',#934,#932,#480,.T.);
#1146=EDGE_CURVE('',#935,#935,#70,.T.);
#1147=EDGE_CURVE('',#917,#936,#481,.T.);
#1148=EDGE_CURVE('',#937,#936,#482,.T.);
#1149=EDGE_CURVE('',#937,#934,#483,.T.);
#1150=EDGE_CURVE('',#922,#902,#484,.T.);
#1151=EDGE_CURVE('',#938,#939,#71,.T.);
#1152=EDGE_CURVE('',#939,#940,#485,.T.);
#1153=EDGE_CURVE('',#941,#940,#486,.T.);
#1154=EDGE_CURVE('',#942,#941,#487,.T.);
#1155=EDGE_CURVE('',#942,#938,#488,.T.);
#1156=EDGE_CURVE('',#943,#943,#72,.T.);
#1157=EDGE_CURVE('',#940,#944,#489,.T.);
#1158=EDGE_CURVE('',#945,#944,#490,.T.);
#1159=EDGE_CURVE('',#946,#945,#491,.T.);
#1160=EDGE_CURVE('',#947,#946,#492,.T.);
#1161=EDGE_CURVE('',#941,#947,#493,.T.);
#1162=EDGE_CURVE('',#924,#948,#494,.T.);
#1163=EDGE_CURVE('',#949,#923,#495,.T.);
#1164=EDGE_CURVE('',#948,#949,#496,.T.);
#1165=EDGE_CURVE('',#950,#951,#73,.T.);
#1166=EDGE_CURVE('',#951,#952,#497,.T.);
#1167=EDGE_CURVE('',#952,#953,#74,.T.);
#1168=EDGE_CURVE('',#953,#954,#498,.T.);
#1169=EDGE_CURVE('',#954,#912,#75,.T.);
#1170=EDGE_CURVE('',#914,#955,#76,.T.);
#1171=EDGE_CURVE('',#955,#950,#499,.T.);
#1172=EDGE_CURVE('',#956,#956,#77,.T.);
#1173=EDGE_CURVE('',#957,#957,#78,.T.);
#1174=EDGE_CURVE('',#958,#958,#79,.T.);
#1175=EDGE_CURVE('',#959,#959,#80,.T.);
#1176=EDGE_CURVE('',#946,#960,#81,.T.);
#1177=EDGE_CURVE('',#960,#961,#500,.T.);
#1178=EDGE_CURVE('',#961,#962,#501,.T.);
#1179=EDGE_CURVE('',#962,#963,#502,.T.);
#1180=EDGE_CURVE('',#963,#949,#503,.T.);
#1181=EDGE_CURVE('',#901,#947,#504,.T.);
#1182=EDGE_CURVE('',#964,#916,#505,.T.);
#1183=EDGE_CURVE('',#936,#964,#506,.T.);
#1184=EDGE_CURVE('',#915,#965,#507,.T.);
#1185=EDGE_CURVE('',#965,#964,#82,.F.);
#1186=EDGE_CURVE('',#966,#939,#508,.T.);
#1187=EDGE_CURVE('',#944,#966,#509,.T.);
#1188=EDGE_CURVE('',#938,#967,#510,.T.);
#1189=EDGE_CURVE('',#967,#966,#83,.F.);
#1190=EDGE_CURVE('',#968,#929,#511,.T.);
#1191=EDGE_CURVE('',#969,#968,#512,.T.);
#1192=EDGE_CURVE('',#930,#969,#513,.T.);
#1193=EDGE_CURVE('',#928,#970,#514,.T.);
#1194=EDGE_CURVE('',#970,#968,#84,.F.);
#1195=EDGE_CURVE('',#971,#933,#515,.T.);
#1196=EDGE_CURVE('',#905,#971,#516,.T.);
#1197=EDGE_CURVE('',#932,#972,#517,.T.);
#1198=EDGE_CURVE('',#972,#971,#85,.F.);
#1199=EDGE_CURVE('',#973,#974,#518,.T.);
#1200=EDGE_CURVE('',#975,#973,#519,.T.);
#1201=EDGE_CURVE('',#976,#975,#520,.T.);
#1202=EDGE_CURVE('',#976,#974,#521,.T.);
#1203=EDGE_CURVE('',#974,#977,#522,.T.);
#1204=EDGE_CURVE('',#978,#976,#523,.T.);
#1205=EDGE_CURVE('',#978,#977,#524,.T.);
#1206=EDGE_CURVE('',#977,#979,#525,.T.);
#1207=EDGE_CURVE('',#980,#978,#526,.T.);
#1208=EDGE_CURVE('',#980,#979,#527,.T.);
#1209=EDGE_CURVE('',#979,#973,#528,.T.);
#1210=EDGE_CURVE('',#975,#980,#529,.T.);
#1211=EDGE_CURVE('',#981,#982,#530,.T.);
#1212=EDGE_CURVE('',#983,#981,#531,.T.);
#1213=EDGE_CURVE('',#984,#983,#532,.T.);
#1214=EDGE_CURVE('',#984,#982,#533,.T.);
#1215=EDGE_CURVE('',#982,#985,#534,.T.);
#1216=EDGE_CURVE('',#986,#984,#535,.T.);
#1217=EDGE_CURVE('',#986,#985,#536,.T.);
#1218=EDGE_CURVE('',#985,#987,#537,.T.);
#1219=EDGE_CURVE('',#988,#986,#538,.T.);
#1220=EDGE_CURVE('',#988,#987,#539,.T.);
#1221=EDGE_CURVE('',#987,#981,#540,.T.);
#1222=EDGE_CURVE('',#983,#988,#541,.T.);
#1223=EDGE_CURVE('',#989,#990,#542,.T.);
#1224=EDGE_CURVE('',#991,#989,#543,.T.);
#1225=EDGE_CURVE('',#992,#991,#544,.T.);
#1226=EDGE_CURVE('',#992,#990,#545,.T.);
#1227=EDGE_CURVE('',#990,#993,#546,.T.);
#1228=EDGE_CURVE('',#994,#992,#547,.T.);
#1229=EDGE_CURVE('',#994,#993,#548,.T.);
#1230=EDGE_CURVE('',#993,#995,#549,.T.);
#1231=EDGE_CURVE('',#996,#994,#550,.T.);
#1232=EDGE_CURVE('',#996,#995,#551,.T.);
#1233=EDGE_CURVE('',#995,#989,#552,.T.);
#1234=EDGE_CURVE('',#991,#996,#553,.T.);
#1235=EDGE_CURVE('',#997,#998,#554,.T.);
#1236=EDGE_CURVE('',#999,#997,#555,.T.);
#1237=EDGE_CURVE('',#1000,#999,#556,.T.);
#1238=EDGE_CURVE('',#1000,#998,#557,.T.);
#1239=EDGE_CURVE('',#998,#1001,#558,.T.);
#1240=EDGE_CURVE('',#1002,#1000,#559,.T.);
#1241=EDGE_CURVE('',#1002,#1001,#560,.T.);
#1242=EDGE_CURVE('',#1001,#1003,#561,.T.);
#1243=EDGE_CURVE('',#1004,#1002,#562,.T.);
#1244=EDGE_CURVE('',#1004,#1003,#563,.T.);
#1245=EDGE_CURVE('',#1003,#997,#564,.T.);
#1246=EDGE_CURVE('',#999,#1004,#565,.T.);
#1247=EDGE_CURVE('',#950,#1005,#566,.T.);
#1248=EDGE_CURVE('',#1005,#1006,#86,.T.);
#1249=EDGE_CURVE('',#1006,#951,#567,.T.);
#1250=EDGE_CURVE('',#1007,#955,#568,.T.);
#1251=EDGE_CURVE('',#1005,#1007,#569,.T.);
#1252=EDGE_CURVE('',#952,#1008,#570,.T.);
#1253=EDGE_CURVE('',#1008,#1009,#87,.T.);
#1254=EDGE_CURVE('',#1009,#953,#571,.T.);
#1255=EDGE_CURVE('',#1010,#1009,#572,.T.);
#1256=EDGE_CURVE('',#954,#1010,#573,.T.);
#1257=EDGE_CURVE('',#1010,#911,#88,.T.);
#1258=EDGE_CURVE('',#913,#1007,#89,.T.);
#1259=EDGE_CURVE('',#1008,#1006,#574,.T.);
#1260=EDGE_CURVE('',#956,#1011,#575,.T.);
#1261=EDGE_CURVE('',#1011,#1011,#90,.T.);
#1262=EDGE_CURVE('',#957,#1012,#576,.T.);
#1263=EDGE_CURVE('',#1012,#1012,#91,.T.);
#1264=EDGE_CURVE('',#958,#1013,#577,.T.);
#1265=EDGE_CURVE('',#1013,#1013,#92,.T.);
#1266=EDGE_CURVE('',#959,#1014,#578,.T.);
#1267=EDGE_CURVE('',#1014,#1014,#93,.T.);
#1268=EDGE_CURVE('',#1015,#1016,#579,.T.);
#1269=EDGE_CURVE('',#1017,#1015,#580,.T.);
#1270=EDGE_CURVE('',#1018,#1017,#581,.T.);
#1271=EDGE_CURVE('',#1018,#1016,#582,.T.);
#1272=EDGE_CURVE('',#1016,#1019,#583,.T.);
#1273=EDGE_CURVE('',#1020,#1018,#584,.T.);
#1274=EDGE_CURVE('',#1020,#1019,#585,.T.);
#1275=EDGE_CURVE('',#1019,#1021,#586,.T.);
#1276=EDGE_CURVE('',#1022,#1020,#587,.T.);
#1277=EDGE_CURVE('',#1022,#1021,#588,.T.);
#1278=EDGE_CURVE('',#1021,#1023,#589,.T.);
#1279=EDGE_CURVE('',#1024,#1022,#590,.T.);
#1280=EDGE_CURVE('',#1024,#1023,#591,.T.);
#1281=EDGE_CURVE('',#1023,#1025,#592,.T.);
#1282=EDGE_CURVE('',#1026,#1024,#593,.T.);
#1283=EDGE_CURVE('',#1026,#1025,#594,.T.);
#1284=EDGE_CURVE('',#1025,#1027,#595,.T.);
#1285=EDGE_CURVE('',#1028,#1026,#596,.T.);
#1286=EDGE_CURVE('',#1028,#1027,#597,.T.);
#1287=EDGE_CURVE('',#1027,#1029,#598,.T.);
#1288=EDGE_CURVE('',#1030,#1028,#599,.T.);
#1289=EDGE_CURVE('',#1030,#1029,#600,.T.);
#1290=EDGE_CURVE('',#1029,#1015,#601,.T.);
#1291=EDGE_CURVE('',#1017,#1030,#602,.T.);
#1292=EDGE_CURVE('',#945,#1031,#94,.F.);
#1293=EDGE_CURVE('',#1031,#960,#603,.T.);
#1294=EDGE_CURVE('',#1031,#1032,#604,.T.);
#1295=EDGE_CURVE('',#961,#1032,#605,.T.);
#1296=EDGE_CURVE('',#925,#1033,#24,.T.);
#1297=EDGE_CURVE('',#1034,#1033,#606,.T.);
#1298=EDGE_CURVE('',#1034,#926,#95,.T.);
#1299=EDGE_CURVE('',#1035,#927,#25,.F.);
#1300=EDGE_CURVE('',#1035,#1034,#96,.T.);
#1301=EDGE_CURVE('',#1033,#948,#21,.T.);
#1302=EDGE_CURVE('',#948,#1036,#607,.T.);
#1303=EDGE_CURVE('',#1036,#1034,#97,.T.);
#1304=EDGE_CURVE('',#1037,#1035,#26,.F.);
#1305=EDGE_CURVE('',#1036,#1037,#98,.T.);
#1306=EDGE_CURVE('',#963,#1038,#608,.T.);
#1307=EDGE_CURVE('',#1038,#1037,#609,.T.);
#1308=EDGE_CURVE('',#1039,#1038,#610,.T.);
#1309=EDGE_CURVE('',#1032,#1039,#611,.T.);
#1310=EDGE_CURVE('',#967,#1040,#612,.T.);
#1311=EDGE_CURVE('',#1040,#969,#613,.T.);
#1312=EDGE_CURVE('',#970,#906,#614,.T.);
#1313=EDGE_CURVE('',#972,#937,#615,.T.);
#1314=EDGE_CURVE('',#965,#921,#616,.T.);
#1315=EDGE_CURVE('',#1040,#942,#617,.T.);
#1316=EDGE_CURVE('',#1039,#962,#618,.T.);
#1317=EDGE_CURVE('',#920,#1041,#619,.T.);
#1318=EDGE_CURVE('',#1041,#1041,#99,.T.);
#1319=EDGE_CURVE('',#943,#1042,#620,.T.);
#1320=EDGE_CURVE('',#1042,#1042,#100,.T.);
#1321=EDGE_CURVE('',#931,#1043,#621,.T.);
#1322=EDGE_CURVE('',#1043,#1043,#101,.T.);
#1323=EDGE_CURVE('',#935,#1044,#622,.T.);
#1324=EDGE_CURVE('',#1044,#1044,#102,.T.);
#1325=EDGE_CURVE('',#1045,#1046,#103,.T.);
#1326=EDGE_CURVE('',#1046,#1047,#104,.T.);
#1327=EDGE_CURVE('',#1047,#1048,#105,.T.);
#1328=EDGE_CURVE('',#1048,#1045,#106,.T.);
#1329=EDGE_CURVE('',#1049,#1050,#107,.T.);
#1330=EDGE_CURVE('',#1050,#1048,#623,.T.);
#1331=EDGE_CURVE('',#1047,#1049,#624,.T.);
#1332=EDGE_CURVE('',#1051,#1052,#108,.T.);
#1333=EDGE_CURVE('',#1052,#1050,#109,.T.);
#1334=EDGE_CURVE('',#1049,#1051,#110,.T.);
#1335=EDGE_CURVE('',#1053,#1054,#111,.T.);
#1336=EDGE_CURVE('',#1054,#1052,#625,.T.);
#1337=EDGE_CURVE('',#1051,#1053,#626,.T.);
#1338=EDGE_CURVE('',#1055,#1056,#112,.T.);
#1339=EDGE_CURVE('',#1056,#1054,#113,.T.);
#1340=EDGE_CURVE('',#1053,#1055,#114,.T.);
#1341=EDGE_CURVE('',#1057,#1058,#115,.T.);
#1342=EDGE_CURVE('',#1058,#1056,#627,.T.);
#1343=EDGE_CURVE('',#1055,#1057,#628,.T.);
#1344=EDGE_CURVE('',#1059,#1060,#116,.T.);
#1345=EDGE_CURVE('',#1060,#1058,#117,.T.);
#1346=EDGE_CURVE('',#1057,#1059,#118,.T.);
#1347=EDGE_CURVE('',#1059,#1046,#629,.T.);
#1348=EDGE_CURVE('',#1045,#1060,#630,.T.);
#1349=EDGE_CURVE('',#1061,#1058,#631,.T.);
#1350=EDGE_CURVE('',#1062,#1061,#632,.T.);
#1351=EDGE_CURVE('',#1056,#1062,#633,.T.);
#1352=EDGE_CURVE('',#1060,#1063,#634,.T.);
#1353=EDGE_CURVE('',#1063,#1061,#119,.T.);
#1354=EDGE_CURVE('',#1064,#1045,#635,.T.);
#1355=EDGE_CURVE('',#1063,#1064,#636,.T.);
#1356=EDGE_CURVE('',#1048,#1065,#637,.T.);
#1357=EDGE_CURVE('',#1065,#1064,#120,.T.);
#1358=EDGE_CURVE('',#1066,#1066,#121,.T.);
#1359=EDGE_CURVE('',#1067,#1067,#122,.T.);
#1360=EDGE_CURVE('',#1068,#1068,#123,.T.);
#1361=EDGE_CURVE('',#1069,#1069,#124,.T.);
#1362=EDGE_CURVE('',#1070,#1071,#638,.T.);
#1363=EDGE_CURVE('',#1071,#1072,#639,.T.);
#1364=EDGE_CURVE('',#1072,#1073,#640,.T.);
#1365=EDGE_CURVE('',#1073,#1070,#641,.T.);
#1366=EDGE_CURVE('',#1052,#1074,#642,.T.);
#1367=EDGE_CURVE('',#1074,#1075,#125,.T.);
#1368=EDGE_CURVE('',#1075,#1050,#643,.T.);
#1369=EDGE_CURVE('',#1065,#1075,#644,.T.);
#1370=EDGE_CURVE('',#1074,#1076,#645,.T.);
#1371=EDGE_CURVE('',#1062,#1076,#126,.T.);
#1372=EDGE_CURVE('',#1077,#1078,#646,.T.);
#1373=EDGE_CURVE('',#1078,#1079,#647,.T.);
#1374=EDGE_CURVE('',#1079,#1080,#648,.T.);
#1375=EDGE_CURVE('',#1080,#1077,#649,.T.);
#1376=EDGE_CURVE('',#1081,#1081,#127,.T.);
#1377=EDGE_CURVE('',#1082,#1082,#128,.T.);
#1378=EDGE_CURVE('',#1083,#1083,#129,.T.);
#1379=EDGE_CURVE('',#1084,#1084,#130,.T.);
#1380=EDGE_CURVE('',#1076,#1054,#650,.T.);
#1381=EDGE_CURVE('',#1066,#1084,#651,.T.);
#1382=EDGE_CURVE('',#1067,#1083,#652,.T.);
#1383=EDGE_CURVE('',#1068,#1082,#653,.T.);
#1384=EDGE_CURVE('',#1069,#1081,#654,.T.);
#1385=EDGE_CURVE('',#1073,#1079,#655,.T.);
#1386=EDGE_CURVE('',#1072,#1080,#656,.T.);
#1387=EDGE_CURVE('',#1071,#1077,#657,.T.);
#1388=EDGE_CURVE('',#1070,#1078,#658,.T.);
#1389=ORIENTED_EDGE('',*,*,#1085,.F.);
#1390=ORIENTED_EDGE('',*,*,#1086,.F.);
#1391=ORIENTED_EDGE('',*,*,#1087,.F.);
#1392=ORIENTED_EDGE('',*,*,#1088,.F.);
#1393=ORIENTED_EDGE('',*,*,#1089,.T.);
#1394=ORIENTED_EDGE('',*,*,#1090,.T.);
#1395=ORIENTED_EDGE('',*,*,#1087,.T.);
#1396=ORIENTED_EDGE('',*,*,#1091,.T.);
#1397=ORIENTED_EDGE('',*,*,#1092,.T.);
#1398=ORIENTED_EDGE('',*,*,#1093,.T.);
#1399=ORIENTED_EDGE('',*,*,#1094,.F.);
#1400=ORIENTED_EDGE('',*,*,#1095,.F.);
#1401=ORIENTED_EDGE('',*,*,#1096,.F.);
#1402=ORIENTED_EDGE('',*,*,#1097,.F.);
#1403=ORIENTED_EDGE('',*,*,#1098,.T.);
#1404=ORIENTED_EDGE('',*,*,#1099,.T.);
#1405=ORIENTED_EDGE('',*,*,#1100,.T.);
#1406=ORIENTED_EDGE('',*,*,#1085,.T.);
#1407=ORIENTED_EDGE('',*,*,#1092,.F.);
#1408=ORIENTED_EDGE('',*,*,#1101,.T.);
#1409=ORIENTED_EDGE('',*,*,#1099,.F.);
#1410=ORIENTED_EDGE('',*,*,#1102,.F.);
#1411=ORIENTED_EDGE('',*,*,#1103,.T.);
#1412=ORIENTED_EDGE('',*,*,#1104,.T.);
#1413=ORIENTED_EDGE('',*,*,#1105,.F.);
#1414=ORIENTED_EDGE('',*,*,#1106,.F.);
#1415=ORIENTED_EDGE('',*,*,#1107,.T.);
#1416=ORIENTED_EDGE('',*,*,#1108,.T.);
#1417=ORIENTED_EDGE('',*,*,#1109,.F.);
#1418=ORIENTED_EDGE('',*,*,#1110,.T.);
#1419=ORIENTED_EDGE('',*,*,#1098,.F.);
#1420=ORIENTED_EDGE('',*,*,#1088,.T.);
#1421=ORIENTED_EDGE('',*,*,#1090,.F.);
#1422=ORIENTED_EDGE('',*,*,#1093,.F.);
#1423=ORIENTED_EDGE('',*,*,#1111,.T.);
#1424=ORIENTED_EDGE('',*,*,#1112,.T.);
#1425=ORIENTED_EDGE('',*,*,#1113,.T.);
#1426=ORIENTED_EDGE('',*,*,#1094,.T.);
#1427=ORIENTED_EDGE('',*,*,#1089,.F.);
#1428=ORIENTED_EDGE('',*,*,#1102,.T.);
#1429=ORIENTED_EDGE('',*,*,#1096,.T.);
#1430=ORIENTED_EDGE('',*,*,#1114,.T.);
#1431=ORIENTED_EDGE('',*,*,#1115,.F.);
#1432=ORIENTED_EDGE('',*,*,#1116,.F.);
#1433=ORIENTED_EDGE('',*,*,#1097,.T.);
#1434=ORIENTED_EDGE('',*,*,#1116,.T.);
#1435=ORIENTED_EDGE('',*,*,#1117,.F.);
#1436=ORIENTED_EDGE('',*,*,#1111,.F.);
#1437=ORIENTED_EDGE('',*,*,#1113,.F.);
#1438=ORIENTED_EDGE('',*,*,#1118,.F.);
#1439=ORIENTED_EDGE('',*,*,#1114,.F.);
#1440=ORIENTED_EDGE('',*,*,#1095,.T.);
#1441=ORIENTED_EDGE('',*,*,#1112,.F.);
#1442=ORIENTED_EDGE('',*,*,#1117,.T.);
#1443=ORIENTED_EDGE('',*,*,#1115,.T.);
#1444=ORIENTED_EDGE('',*,*,#1118,.T.);
#1445=ORIENTED_EDGE('',*,*,#1119,.F.);
#1446=ORIENTED_EDGE('',*,*,#1120,.F.);
#1447=ORIENTED_EDGE('',*,*,#1121,.F.);
#1448=ORIENTED_EDGE('',*,*,#1122,.F.);
#1449=ORIENTED_EDGE('',*,*,#1086,.T.);
#1450=ORIENTED_EDGE('',*,*,#1100,.F.);
#1451=ORIENTED_EDGE('',*,*,#1101,.F.);
#1452=ORIENTED_EDGE('',*,*,#1091,.F.);
#1453=ORIENTED_EDGE('',*,*,#1123,.T.);
#1454=ORIENTED_EDGE('',*,*,#1124,.T.);
#1455=ORIENTED_EDGE('',*,*,#1125,.F.);
#1456=ORIENTED_EDGE('',*,*,#1126,.F.);
#1457=ORIENTED_EDGE('',*,*,#1127,.T.);
#1458=ORIENTED_EDGE('',*,*,#1128,.T.);
#1459=ORIENTED_EDGE('',*,*,#1129,.T.);
#1460=ORIENTED_EDGE('',*,*,#1126,.T.);
#1461=ORIENTED_EDGE('',*,*,#1130,.T.);
#1462=ORIENTED_EDGE('',*,*,#1131,.F.);
#1463=ORIENTED_EDGE('',*,*,#1132,.F.);
#1464=ORIENTED_EDGE('',*,*,#1133,.F.);
#1465=ORIENTED_EDGE('',*,*,#1134,.F.);
#1466=ORIENTED_EDGE('',*,*,#1135,.F.);
#1467=ORIENTED_EDGE('',*,*,#1136,.F.);
#1468=ORIENTED_EDGE('',*,*,#1137,.T.);
#1469=ORIENTED_EDGE('',*,*,#1138,.T.);
#1470=ORIENTED_EDGE('',*,*,#1139,.F.);
#1471=ORIENTED_EDGE('',*,*,#1103,.F.);
#1472=ORIENTED_EDGE('',*,*,#1140,.T.);
#1473=ORIENTED_EDGE('',*,*,#1141,.T.);
#1474=ORIENTED_EDGE('',*,*,#1142,.T.);
#1475=ORIENTED_EDGE('',*,*,#1143,.T.);
#1476=ORIENTED_EDGE('',*,*,#1107,.F.);
#1477=ORIENTED_EDGE('',*,*,#1144,.F.);
#1478=ORIENTED_EDGE('',*,*,#1145,.T.);
#1479=ORIENTED_EDGE('',*,*,#1146,.T.);
#1480=ORIENTED_EDGE('',*,*,#1147,.T.);
#1481=ORIENTED_EDGE('',*,*,#1148,.F.);
#1482=ORIENTED_EDGE('',*,*,#1149,.T.);
#1483=ORIENTED_EDGE('',*,*,#1144,.T.);
#1484=ORIENTED_EDGE('',*,*,#1106,.T.);
#1485=ORIENTED_EDGE('',*,*,#1150,.F.);
#1486=ORIENTED_EDGE('',*,*,#1130,.F.);
#1487=ORIENTED_EDGE('',*,*,#1125,.T.);
#1488=ORIENTED_EDGE('',*,*,#1151,.T.);
#1489=ORIENTED_EDGE('',*,*,#1152,.T.);
#1490=ORIENTED_EDGE('',*,*,#1153,.F.);
#1491=ORIENTED_EDGE('',*,*,#1154,.F.);
#1492=ORIENTED_EDGE('',*,*,#1155,.T.);
#1493=ORIENTED_EDGE('',*,*,#1156,.T.);
#1494=ORIENTED_EDGE('',*,*,#1153,.T.);
#1495=ORIENTED_EDGE('',*,*,#1157,.T.);
#1496=ORIENTED_EDGE('',*,*,#1158,.F.);
#1497=ORIENTED_EDGE('',*,*,#1159,.F.);
#1498=ORIENTED_EDGE('',*,*,#1160,.F.);
#1499=ORIENTED_EDGE('',*,*,#1161,.F.);
#1500=ORIENTED_EDGE('',*,*,#1162,.F.);
#1501=ORIENTED_EDGE('',*,*,#1132,.T.);
#1502=ORIENTED_EDGE('',*,*,#1163,.F.);
#1503=ORIENTED_EDGE('',*,*,#1164,.F.);
#1504=ORIENTED_EDGE('',*,*,#1165,.T.);
#1505=ORIENTED_EDGE('',*,*,#1166,.T.);
#1506=ORIENTED_EDGE('',*,*,#1167,.T.);
#1507=ORIENTED_EDGE('',*,*,#1168,.T.);
#1508=ORIENTED_EDGE('',*,*,#1169,.T.);
#1509=ORIENTED_EDGE('',*,*,#1122,.T.);
#1510=ORIENTED_EDGE('',*,*,#1170,.T.);
#1511=ORIENTED_EDGE('',*,*,#1171,.T.);
#1512=ORIENTED_EDGE('',*,*,#1172,.T.);
#1513=ORIENTED_EDGE('',*,*,#1173,.T.);
#1514=ORIENTED_EDGE('',*,*,#1174,.T.);
#1515=ORIENTED_EDGE('',*,*,#1175,.T.);
#1516=ORIENTED_EDGE('',*,*,#1176,.T.);
#1517=ORIENTED_EDGE('',*,*,#1177,.T.);
#1518=ORIENTED_EDGE('',*,*,#1178,.T.);
#1519=ORIENTED_EDGE('',*,*,#1179,.T.);
#1520=ORIENTED_EDGE('',*,*,#1180,.T.);
#1521=ORIENTED_EDGE('',*,*,#1163,.T.);
#1522=ORIENTED_EDGE('',*,*,#1131,.T.);
#1523=ORIENTED_EDGE('',*,*,#1150,.T.);
#1524=ORIENTED_EDGE('',*,*,#1105,.T.);
#1525=ORIENTED_EDGE('',*,*,#1181,.T.);
#1526=ORIENTED_EDGE('',*,*,#1160,.T.);
#1527=ORIENTED_EDGE('',*,*,#1182,.F.);
#1528=ORIENTED_EDGE('',*,*,#1183,.F.);
#1529=ORIENTED_EDGE('',*,*,#1147,.F.);
#1530=ORIENTED_EDGE('',*,*,#1124,.F.);
#1531=ORIENTED_EDGE('',*,*,#1184,.T.);
#1532=ORIENTED_EDGE('',*,*,#1185,.T.);
#1533=ORIENTED_EDGE('',*,*,#1182,.T.);
#1534=ORIENTED_EDGE('',*,*,#1123,.F.);
#1535=ORIENTED_EDGE('',*,*,#1186,.F.);
#1536=ORIENTED_EDGE('',*,*,#1187,.F.);
#1537=ORIENTED_EDGE('',*,*,#1157,.F.);
#1538=ORIENTED_EDGE('',*,*,#1152,.F.);
#1539=ORIENTED_EDGE('',*,*,#1188,.T.);
#1540=ORIENTED_EDGE('',*,*,#1189,.T.);
#1541=ORIENTED_EDGE('',*,*,#1186,.T.);
#1542=ORIENTED_EDGE('',*,*,#1151,.F.);
#1543=ORIENTED_EDGE('',*,*,#1190,.F.);
#1544=ORIENTED_EDGE('',*,*,#1191,.F.);
#1545=ORIENTED_EDGE('',*,*,#1192,.F.);
#1546=ORIENTED_EDGE('',*,*,#1138,.F.);
#1547=ORIENTED_EDGE('',*,*,#1193,.T.);
#1548=ORIENTED_EDGE('',*,*,#1194,.T.);
#1549=ORIENTED_EDGE('',*,*,#1190,.T.);
#1550=ORIENTED_EDGE('',*,*,#1137,.F.);
#1551=ORIENTED_EDGE('',*,*,#1195,.F.);
#1552=ORIENTED_EDGE('',*,*,#1196,.F.);
#1553=ORIENTED_EDGE('',*,*,#1108,.F.);
#1554=ORIENTED_EDGE('',*,*,#1143,.F.);
#1555=ORIENTED_EDGE('',*,*,#1197,.T.);
#1556=ORIENTED_EDGE('',*,*,#1198,.T.);
#1557=ORIENTED_EDGE('',*,*,#1195,.T.);
#1558=ORIENTED_EDGE('',*,*,#1142,.F.);
#1559=ORIENTED_EDGE('',*,*,#1199,.F.);
#1560=ORIENTED_EDGE('',*,*,#1200,.F.);
#1561=ORIENTED_EDGE('',*,*,#1201,.F.);
#1562=ORIENTED_EDGE('',*,*,#1202,.T.);
#1563=ORIENTED_EDGE('',*,*,#1203,.F.);
#1564=ORIENTED_EDGE('',*,*,#1202,.F.);
#1565=ORIENTED_EDGE('',*,*,#1204,.F.);
#1566=ORIENTED_EDGE('',*,*,#1205,.T.);
#1567=ORIENTED_EDGE('',*,*,#1206,.F.);
#1568=ORIENTED_EDGE('',*,*,#1205,.F.);
#1569=ORIENTED_EDGE('',*,*,#1207,.F.);
#1570=ORIENTED_EDGE('',*,*,#1208,.T.);
#1571=ORIENTED_EDGE('',*,*,#1209,.F.);
#1572=ORIENTED_EDGE('',*,*,#1208,.F.);
#1573=ORIENTED_EDGE('',*,*,#1210,.F.);
#1574=ORIENTED_EDGE('',*,*,#1200,.T.);
#1575=ORIENTED_EDGE('',*,*,#1211,.F.);
#1576=ORIENTED_EDGE('',*,*,#1212,.F.);
#1577=ORIENTED_EDGE('',*,*,#1213,.F.);
#1578=ORIENTED_EDGE('',*,*,#1214,.T.);
#1579=ORIENTED_EDGE('',*,*,#1215,.F.);
#1580=ORIENTED_EDGE('',*,*,#1214,.F.);
#1581=ORIENTED_EDGE('',*,*,#1216,.F.);
#1582=ORIENTED_EDGE('',*,*,#1217,.T.);
#1583=ORIENTED_EDGE('',*,*,#1218,.F.);
#1584=ORIENTED_EDGE('',*,*,#1217,.F.);
#1585=ORIENTED_EDGE('',*,*,#1219,.F.);
#1586=ORIENTED_EDGE('',*,*,#1220,.T.);
#1587=ORIENTED_EDGE('',*,*,#1221,.F.);
#1588=ORIENTED_EDGE('',*,*,#1220,.F.);
#1589=ORIENTED_EDGE('',*,*,#1222,.F.);
#1590=ORIENTED_EDGE('',*,*,#1212,.T.);
#1591=ORIENTED_EDGE('',*,*,#1223,.F.);
#1592=ORIENTED_EDGE('',*,*,#1224,.F.);
#1593=ORIENTED_EDGE('',*,*,#1225,.F.);
#1594=ORIENTED_EDGE('',*,*,#1226,.T.);
#1595=ORIENTED_EDGE('',*,*,#1227,.F.);
#1596=ORIENTED_EDGE('',*,*,#1226,.F.);
#1597=ORIENTED_EDGE('',*,*,#1228,.F.);
#1598=ORIENTED_EDGE('',*,*,#1229,.T.);
#1599=ORIENTED_EDGE('',*,*,#1230,.F.);
#1600=ORIENTED_EDGE('',*,*,#1229,.F.);
#1601=ORIENTED_EDGE('',*,*,#1231,.F.);
#1602=ORIENTED_EDGE('',*,*,#1232,.T.);
#1603=ORIENTED_EDGE('',*,*,#1233,.F.);
#1604=ORIENTED_EDGE('',*,*,#1232,.F.);
#1605=ORIENTED_EDGE('',*,*,#1234,.F.);
#1606=ORIENTED_EDGE('',*,*,#1224,.T.);
#1607=ORIENTED_EDGE('',*,*,#1235,.F.);
#1608=ORIENTED_EDGE('',*,*,#1236,.F.);
#1609=ORIENTED_EDGE('',*,*,#1237,.F.);
#1610=ORIENTED_EDGE('',*,*,#1238,.T.);
#1611=ORIENTED_EDGE('',*,*,#1239,.F.);
#1612=ORIENTED_EDGE('',*,*,#1238,.F.);
#1613=ORIENTED_EDGE('',*,*,#1240,.F.);
#1614=ORIENTED_EDGE('',*,*,#1241,.T.);
#1615=ORIENTED_EDGE('',*,*,#1242,.F.);
#1616=ORIENTED_EDGE('',*,*,#1241,.F.);
#1617=ORIENTED_EDGE('',*,*,#1243,.F.);
#1618=ORIENTED_EDGE('',*,*,#1244,.T.);
#1619=ORIENTED_EDGE('',*,*,#1245,.F.);
#1620=ORIENTED_EDGE('',*,*,#1244,.F.);
#1621=ORIENTED_EDGE('',*,*,#1246,.F.);
#1622=ORIENTED_EDGE('',*,*,#1236,.T.);
#1623=ORIENTED_EDGE('',*,*,#1247,.T.);
#1624=ORIENTED_EDGE('',*,*,#1248,.T.);
#1625=ORIENTED_EDGE('',*,*,#1249,.T.);
#1626=ORIENTED_EDGE('',*,*,#1165,.F.);
#1627=ORIENTED_EDGE('',*,*,#1247,.F.);
#1628=ORIENTED_EDGE('',*,*,#1171,.F.);
#1629=ORIENTED_EDGE('',*,*,#1250,.F.);
#1630=ORIENTED_EDGE('',*,*,#1251,.F.);
#1631=ORIENTED_EDGE('',*,*,#1252,.T.);
#1632=ORIENTED_EDGE('',*,*,#1253,.T.);
#1633=ORIENTED_EDGE('',*,*,#1254,.T.);
#1634=ORIENTED_EDGE('',*,*,#1167,.F.);
#1635=ORIENTED_EDGE('',*,*,#1254,.F.);
#1636=ORIENTED_EDGE('',*,*,#1255,.F.);
#1637=ORIENTED_EDGE('',*,*,#1256,.F.);
#1638=ORIENTED_EDGE('',*,*,#1168,.F.);
#1639=ORIENTED_EDGE('',*,*,#1207,.T.);
#1640=ORIENTED_EDGE('',*,*,#1204,.T.);
#1641=ORIENTED_EDGE('',*,*,#1201,.T.);
#1642=ORIENTED_EDGE('',*,*,#1210,.T.);
#1643=ORIENTED_EDGE('',*,*,#1219,.T.);
#1644=ORIENTED_EDGE('',*,*,#1216,.T.);
#1645=ORIENTED_EDGE('',*,*,#1213,.T.);
#1646=ORIENTED_EDGE('',*,*,#1222,.T.);
#1647=ORIENTED_EDGE('',*,*,#1231,.T.);
#1648=ORIENTED_EDGE('',*,*,#1228,.T.);
#1649=ORIENTED_EDGE('',*,*,#1225,.T.);
#1650=ORIENTED_EDGE('',*,*,#1234,.T.);
#1651=ORIENTED_EDGE('',*,*,#1243,.T.);
#1652=ORIENTED_EDGE('',*,*,#1240,.T.);
#1653=ORIENTED_EDGE('',*,*,#1237,.T.);
#1654=ORIENTED_EDGE('',*,*,#1246,.T.);
#1655=ORIENTED_EDGE('',*,*,#1256,.T.);
#1656=ORIENTED_EDGE('',*,*,#1257,.T.);
#1657=ORIENTED_EDGE('',*,*,#1119,.T.);
#1658=ORIENTED_EDGE('',*,*,#1169,.F.);
#1659=ORIENTED_EDGE('',*,*,#1121,.T.);
#1660=ORIENTED_EDGE('',*,*,#1258,.T.);
#1661=ORIENTED_EDGE('',*,*,#1250,.T.);
#1662=ORIENTED_EDGE('',*,*,#1170,.F.);
#1663=ORIENTED_EDGE('',*,*,#1248,.F.);
#1664=ORIENTED_EDGE('',*,*,#1251,.T.);
#1665=ORIENTED_EDGE('',*,*,#1258,.F.);
#1666=ORIENTED_EDGE('',*,*,#1120,.T.);
#1667=ORIENTED_EDGE('',*,*,#1257,.F.);
#1668=ORIENTED_EDGE('',*,*,#1255,.T.);
#1669=ORIENTED_EDGE('',*,*,#1253,.F.);
#1670=ORIENTED_EDGE('',*,*,#1259,.T.);
#1671=ORIENTED_EDGE('',*,*,#1172,.F.);
#1672=ORIENTED_EDGE('',*,*,#1260,.T.);
#1673=ORIENTED_EDGE('',*,*,#1261,.T.);
#1674=ORIENTED_EDGE('',*,*,#1260,.F.);
#1675=ORIENTED_EDGE('',*,*,#1261,.F.);
#1676=ORIENTED_EDGE('',*,*,#1173,.F.);
#1677=ORIENTED_EDGE('',*,*,#1262,.T.);
#1678=ORIENTED_EDGE('',*,*,#1263,.T.);
#1679=ORIENTED_EDGE('',*,*,#1262,.F.);
#1680=ORIENTED_EDGE('',*,*,#1263,.F.);
#1681=ORIENTED_EDGE('',*,*,#1174,.F.);
#1682=ORIENTED_EDGE('',*,*,#1264,.T.);
#1683=ORIENTED_EDGE('',*,*,#1265,.T.);
#1684=ORIENTED_EDGE('',*,*,#1264,.F.);
#1685=ORIENTED_EDGE('',*,*,#1265,.F.);
#1686=ORIENTED_EDGE('',*,*,#1175,.F.);
#1687=ORIENTED_EDGE('',*,*,#1266,.T.);
#1688=ORIENTED_EDGE('',*,*,#1267,.T.);
#1689=ORIENTED_EDGE('',*,*,#1266,.F.);
#1690=ORIENTED_EDGE('',*,*,#1267,.F.);
#1691=ORIENTED_EDGE('',*,*,#1268,.F.);
#1692=ORIENTED_EDGE('',*,*,#1269,.F.);
#1693=ORIENTED_EDGE('',*,*,#1270,.F.);
#1694=ORIENTED_EDGE('',*,*,#1271,.T.);
#1695=ORIENTED_EDGE('',*,*,#1272,.F.);
#1696=ORIENTED_EDGE('',*,*,#1271,.F.);
#1697=ORIENTED_EDGE('',*,*,#1273,.F.);
#1698=ORIENTED_EDGE('',*,*,#1274,.T.);
#1699=ORIENTED_EDGE('',*,*,#1275,.F.);
#1700=ORIENTED_EDGE('',*,*,#1274,.F.);
#1701=ORIENTED_EDGE('',*,*,#1276,.F.);
#1702=ORIENTED_EDGE('',*,*,#1277,.T.);
#1703=ORIENTED_EDGE('',*,*,#1278,.F.);
#1704=ORIENTED_EDGE('',*,*,#1277,.F.);
#1705=ORIENTED_EDGE('',*,*,#1279,.F.);
#1706=ORIENTED_EDGE('',*,*,#1280,.T.);
#1707=ORIENTED_EDGE('',*,*,#1281,.F.);
#1708=ORIENTED_EDGE('',*,*,#1280,.F.);
#1709=ORIENTED_EDGE('',*,*,#1282,.F.);
#1710=ORIENTED_EDGE('',*,*,#1283,.T.);
#1711=ORIENTED_EDGE('',*,*,#1284,.F.);
#1712=ORIENTED_EDGE('',*,*,#1283,.F.);
#1713=ORIENTED_EDGE('',*,*,#1285,.F.);
#1714=ORIENTED_EDGE('',*,*,#1286,.T.);
#1715=ORIENTED_EDGE('',*,*,#1287,.F.);
#1716=ORIENTED_EDGE('',*,*,#1286,.F.);
#1717=ORIENTED_EDGE('',*,*,#1288,.F.);
#1718=ORIENTED_EDGE('',*,*,#1289,.T.);
#1719=ORIENTED_EDGE('',*,*,#1290,.F.);
#1720=ORIENTED_EDGE('',*,*,#1289,.F.);
#1721=ORIENTED_EDGE('',*,*,#1291,.F.);
#1722=ORIENTED_EDGE('',*,*,#1269,.T.);
#1723=ORIENTED_EDGE('',*,*,#1159,.T.);
#1724=ORIENTED_EDGE('',*,*,#1292,.T.);
#1725=ORIENTED_EDGE('',*,*,#1293,.T.);
#1726=ORIENTED_EDGE('',*,*,#1176,.F.);
#1727=ORIENTED_EDGE('',*,*,#1293,.F.);
#1728=ORIENTED_EDGE('',*,*,#1294,.T.);
#1729=ORIENTED_EDGE('',*,*,#1295,.F.);
#1730=ORIENTED_EDGE('',*,*,#1177,.F.);
#1731=ORIENTED_EDGE('',*,*,#1296,.T.);
#1732=ORIENTED_EDGE('',*,*,#1297,.F.);
#1733=ORIENTED_EDGE('',*,*,#1298,.T.);
#1734=ORIENTED_EDGE('',*,*,#1134,.T.);
#1735=ORIENTED_EDGE('',*,*,#1299,.T.);
#1736=ORIENTED_EDGE('',*,*,#1135,.T.);
#1737=ORIENTED_EDGE('',*,*,#1298,.F.);
#1738=ORIENTED_EDGE('',*,*,#1300,.F.);
#1739=ORIENTED_EDGE('',*,*,#1296,.F.);
#1740=ORIENTED_EDGE('',*,*,#1133,.T.);
#1741=ORIENTED_EDGE('',*,*,#1162,.T.);
#1742=ORIENTED_EDGE('',*,*,#1301,.F.);
#1743=ORIENTED_EDGE('',*,*,#1301,.T.);
#1744=ORIENTED_EDGE('',*,*,#1302,.T.);
#1745=ORIENTED_EDGE('',*,*,#1303,.T.);
#1746=ORIENTED_EDGE('',*,*,#1297,.T.);
#1747=ORIENTED_EDGE('',*,*,#1304,.T.);
#1748=ORIENTED_EDGE('',*,*,#1300,.T.);
#1749=ORIENTED_EDGE('',*,*,#1303,.F.);
#1750=ORIENTED_EDGE('',*,*,#1305,.T.);
#1751=ORIENTED_EDGE('',*,*,#1305,.F.);
#1752=ORIENTED_EDGE('',*,*,#1302,.F.);
#1753=ORIENTED_EDGE('',*,*,#1164,.T.);
#1754=ORIENTED_EDGE('',*,*,#1180,.F.);
#1755=ORIENTED_EDGE('',*,*,#1306,.T.);
#1756=ORIENTED_EDGE('',*,*,#1307,.T.);
#1757=ORIENTED_EDGE('',*,*,#1136,.T.);
#1758=ORIENTED_EDGE('',*,*,#1299,.F.);
#1759=ORIENTED_EDGE('',*,*,#1304,.F.);
#1760=ORIENTED_EDGE('',*,*,#1307,.F.);
#1761=ORIENTED_EDGE('',*,*,#1308,.F.);
#1762=ORIENTED_EDGE('',*,*,#1309,.F.);
#1763=ORIENTED_EDGE('',*,*,#1294,.F.);
#1764=ORIENTED_EDGE('',*,*,#1292,.F.);
#1765=ORIENTED_EDGE('',*,*,#1158,.T.);
#1766=ORIENTED_EDGE('',*,*,#1187,.T.);
#1767=ORIENTED_EDGE('',*,*,#1189,.F.);
#1768=ORIENTED_EDGE('',*,*,#1310,.T.);
#1769=ORIENTED_EDGE('',*,*,#1311,.T.);
#1770=ORIENTED_EDGE('',*,*,#1191,.T.);
#1771=ORIENTED_EDGE('',*,*,#1194,.F.);
#1772=ORIENTED_EDGE('',*,*,#1312,.T.);
#1773=ORIENTED_EDGE('',*,*,#1109,.T.);
#1774=ORIENTED_EDGE('',*,*,#1196,.T.);
#1775=ORIENTED_EDGE('',*,*,#1198,.F.);
#1776=ORIENTED_EDGE('',*,*,#1313,.T.);
#1777=ORIENTED_EDGE('',*,*,#1148,.T.);
#1778=ORIENTED_EDGE('',*,*,#1183,.T.);
#1779=ORIENTED_EDGE('',*,*,#1185,.F.);
#1780=ORIENTED_EDGE('',*,*,#1314,.T.);
#1781=ORIENTED_EDGE('',*,*,#1192,.T.);
#1782=ORIENTED_EDGE('',*,*,#1311,.F.);
#1783=ORIENTED_EDGE('',*,*,#1315,.T.);
#1784=ORIENTED_EDGE('',*,*,#1154,.T.);
#1785=ORIENTED_EDGE('',*,*,#1161,.T.);
#1786=ORIENTED_EDGE('',*,*,#1181,.F.);
#1787=ORIENTED_EDGE('',*,*,#1104,.F.);
#1788=ORIENTED_EDGE('',*,*,#1139,.T.);
#1789=ORIENTED_EDGE('',*,*,#1206,.T.);
#1790=ORIENTED_EDGE('',*,*,#1209,.T.);
#1791=ORIENTED_EDGE('',*,*,#1199,.T.);
#1792=ORIENTED_EDGE('',*,*,#1203,.T.);
#1793=ORIENTED_EDGE('',*,*,#1218,.T.);
#1794=ORIENTED_EDGE('',*,*,#1221,.T.);
#1795=ORIENTED_EDGE('',*,*,#1211,.T.);
#1796=ORIENTED_EDGE('',*,*,#1215,.T.);
#1797=ORIENTED_EDGE('',*,*,#1230,.T.);
#1798=ORIENTED_EDGE('',*,*,#1233,.T.);
#1799=ORIENTED_EDGE('',*,*,#1223,.T.);
#1800=ORIENTED_EDGE('',*,*,#1227,.T.);
#1801=ORIENTED_EDGE('',*,*,#1242,.T.);
#1802=ORIENTED_EDGE('',*,*,#1245,.T.);
#1803=ORIENTED_EDGE('',*,*,#1235,.T.);
#1804=ORIENTED_EDGE('',*,*,#1239,.T.);
#1805=ORIENTED_EDGE('',*,*,#1309,.T.);
#1806=ORIENTED_EDGE('',*,*,#1316,.T.);
#1807=ORIENTED_EDGE('',*,*,#1178,.F.);
#1808=ORIENTED_EDGE('',*,*,#1295,.T.);
#1809=ORIENTED_EDGE('',*,*,#1281,.T.);
#1810=ORIENTED_EDGE('',*,*,#1284,.T.);
#1811=ORIENTED_EDGE('',*,*,#1287,.T.);
#1812=ORIENTED_EDGE('',*,*,#1290,.T.);
#1813=ORIENTED_EDGE('',*,*,#1268,.T.);
#1814=ORIENTED_EDGE('',*,*,#1272,.T.);
#1815=ORIENTED_EDGE('',*,*,#1275,.T.);
#1816=ORIENTED_EDGE('',*,*,#1278,.T.);
#1817=ORIENTED_EDGE('',*,*,#1308,.T.);
#1818=ORIENTED_EDGE('',*,*,#1306,.F.);
#1819=ORIENTED_EDGE('',*,*,#1179,.F.);
#1820=ORIENTED_EDGE('',*,*,#1316,.F.);
#1821=ORIENTED_EDGE('',*,*,#1128,.F.);
#1822=ORIENTED_EDGE('',*,*,#1317,.T.);
#1823=ORIENTED_EDGE('',*,*,#1318,.F.);
#1824=ORIENTED_EDGE('',*,*,#1317,.F.);
#1825=ORIENTED_EDGE('',*,*,#1129,.F.);
#1826=ORIENTED_EDGE('',*,*,#1314,.F.);
#1827=ORIENTED_EDGE('',*,*,#1184,.F.);
#1828=ORIENTED_EDGE('',*,*,#1127,.F.);
#1829=ORIENTED_EDGE('',*,*,#1156,.F.);
#1830=ORIENTED_EDGE('',*,*,#1319,.T.);
#1831=ORIENTED_EDGE('',*,*,#1320,.F.);
#1832=ORIENTED_EDGE('',*,*,#1319,.F.);
#1833=ORIENTED_EDGE('',*,*,#1315,.F.);
#1834=ORIENTED_EDGE('',*,*,#1310,.F.);
#1835=ORIENTED_EDGE('',*,*,#1188,.F.);
#1836=ORIENTED_EDGE('',*,*,#1155,.F.);
#1837=ORIENTED_EDGE('',*,*,#1318,.T.);
#1838=ORIENTED_EDGE('',*,*,#1141,.F.);
#1839=ORIENTED_EDGE('',*,*,#1321,.T.);
#1840=ORIENTED_EDGE('',*,*,#1322,.F.);
#1841=ORIENTED_EDGE('',*,*,#1321,.F.);
#1842=ORIENTED_EDGE('',*,*,#1110,.F.);
#1843=ORIENTED_EDGE('',*,*,#1312,.F.);
#1844=ORIENTED_EDGE('',*,*,#1193,.F.);
#1845=ORIENTED_EDGE('',*,*,#1140,.F.);
#1846=ORIENTED_EDGE('',*,*,#1320,.T.);
#1847=ORIENTED_EDGE('',*,*,#1146,.F.);
#1848=ORIENTED_EDGE('',*,*,#1323,.T.);
#1849=ORIENTED_EDGE('',*,*,#1324,.F.);
#1850=ORIENTED_EDGE('',*,*,#1323,.F.);
#1851=ORIENTED_EDGE('',*,*,#1149,.F.);
#1852=ORIENTED_EDGE('',*,*,#1313,.F.);
#1853=ORIENTED_EDGE('',*,*,#1197,.F.);
#1854=ORIENTED_EDGE('',*,*,#1145,.F.);
#1855=ORIENTED_EDGE('',*,*,#1322,.T.);
#1856=ORIENTED_EDGE('',*,*,#1249,.F.);
#1857=ORIENTED_EDGE('',*,*,#1259,.F.);
#1858=ORIENTED_EDGE('',*,*,#1252,.F.);
#1859=ORIENTED_EDGE('',*,*,#1166,.F.);
#1860=ORIENTED_EDGE('',*,*,#1282,.T.);
#1861=ORIENTED_EDGE('',*,*,#1279,.T.);
#1862=ORIENTED_EDGE('',*,*,#1276,.T.);
#1863=ORIENTED_EDGE('',*,*,#1273,.T.);
#1864=ORIENTED_EDGE('',*,*,#1270,.T.);
#1865=ORIENTED_EDGE('',*,*,#1291,.T.);
#1866=ORIENTED_EDGE('',*,*,#1288,.T.);
#1867=ORIENTED_EDGE('',*,*,#1285,.T.);
#1868=ORIENTED_EDGE('',*,*,#1324,.T.);
#1869=ORIENTED_EDGE('',*,*,#1325,.T.);
#1870=ORIENTED_EDGE('',*,*,#1326,.T.);
#1871=ORIENTED_EDGE('',*,*,#1327,.T.);
#1872=ORIENTED_EDGE('',*,*,#1328,.T.);
#1873=ORIENTED_EDGE('',*,*,#1329,.T.);
#1874=ORIENTED_EDGE('',*,*,#1330,.T.);
#1875=ORIENTED_EDGE('',*,*,#1327,.F.);
#1876=ORIENTED_EDGE('',*,*,#1331,.T.);
#1877=ORIENTED_EDGE('',*,*,#1332,.T.);
#1878=ORIENTED_EDGE('',*,*,#1333,.T.);
#1879=ORIENTED_EDGE('',*,*,#1329,.F.);
#1880=ORIENTED_EDGE('',*,*,#1334,.T.);
#1881=ORIENTED_EDGE('',*,*,#1335,.T.);
#1882=ORIENTED_EDGE('',*,*,#1336,.T.);
#1883=ORIENTED_EDGE('',*,*,#1332,.F.);
#1884=ORIENTED_EDGE('',*,*,#1337,.T.);
#1885=ORIENTED_EDGE('',*,*,#1338,.T.);
#1886=ORIENTED_EDGE('',*,*,#1339,.T.);
#1887=ORIENTED_EDGE('',*,*,#1335,.F.);
#1888=ORIENTED_EDGE('',*,*,#1340,.T.);
#1889=ORIENTED_EDGE('',*,*,#1341,.T.);
#1890=ORIENTED_EDGE('',*,*,#1342,.T.);
#1891=ORIENTED_EDGE('',*,*,#1338,.F.);
#1892=ORIENTED_EDGE('',*,*,#1343,.T.);
#1893=ORIENTED_EDGE('',*,*,#1344,.T.);
#1894=ORIENTED_EDGE('',*,*,#1345,.T.);
#1895=ORIENTED_EDGE('',*,*,#1341,.F.);
#1896=ORIENTED_EDGE('',*,*,#1346,.T.);
#1897=ORIENTED_EDGE('',*,*,#1344,.F.);
#1898=ORIENTED_EDGE('',*,*,#1347,.T.);
#1899=ORIENTED_EDGE('',*,*,#1325,.F.);
#1900=ORIENTED_EDGE('',*,*,#1348,.T.);
#1901=ORIENTED_EDGE('',*,*,#1342,.F.);
#1902=ORIENTED_EDGE('',*,*,#1349,.F.);
#1903=ORIENTED_EDGE('',*,*,#1350,.F.);
#1904=ORIENTED_EDGE('',*,*,#1351,.F.);
#1905=ORIENTED_EDGE('',*,*,#1345,.F.);
#1906=ORIENTED_EDGE('',*,*,#1352,.T.);
#1907=ORIENTED_EDGE('',*,*,#1353,.T.);
#1908=ORIENTED_EDGE('',*,*,#1349,.T.);
#1909=ORIENTED_EDGE('',*,*,#1348,.F.);
#1910=ORIENTED_EDGE('',*,*,#1354,.F.);
#1911=ORIENTED_EDGE('',*,*,#1355,.F.);
#1912=ORIENTED_EDGE('',*,*,#1352,.F.);
#1913=ORIENTED_EDGE('',*,*,#1328,.F.);
#1914=ORIENTED_EDGE('',*,*,#1356,.T.);
#1915=ORIENTED_EDGE('',*,*,#1357,.T.);
#1916=ORIENTED_EDGE('',*,*,#1354,.T.);
#1917=ORIENTED_EDGE('',*,*,#1326,.F.);
#1918=ORIENTED_EDGE('',*,*,#1347,.F.);
#1919=ORIENTED_EDGE('',*,*,#1346,.F.);
#1920=ORIENTED_EDGE('',*,*,#1343,.F.);
#1921=ORIENTED_EDGE('',*,*,#1340,.F.);
#1922=ORIENTED_EDGE('',*,*,#1337,.F.);
#1923=ORIENTED_EDGE('',*,*,#1334,.F.);
#1924=ORIENTED_EDGE('',*,*,#1331,.F.);
#1925=ORIENTED_EDGE('',*,*,#1358,.T.);
#1926=ORIENTED_EDGE('',*,*,#1359,.T.);
#1927=ORIENTED_EDGE('',*,*,#1360,.T.);
#1928=ORIENTED_EDGE('',*,*,#1361,.T.);
#1929=ORIENTED_EDGE('',*,*,#1362,.T.);
#1930=ORIENTED_EDGE('',*,*,#1363,.T.);
#1931=ORIENTED_EDGE('',*,*,#1364,.T.);
#1932=ORIENTED_EDGE('',*,*,#1365,.T.);
#1933=ORIENTED_EDGE('',*,*,#1333,.F.);
#1934=ORIENTED_EDGE('',*,*,#1366,.T.);
#1935=ORIENTED_EDGE('',*,*,#1367,.T.);
#1936=ORIENTED_EDGE('',*,*,#1368,.T.);
#1937=ORIENTED_EDGE('',*,*,#1330,.F.);
#1938=ORIENTED_EDGE('',*,*,#1368,.F.);
#1939=ORIENTED_EDGE('',*,*,#1369,.F.);
#1940=ORIENTED_EDGE('',*,*,#1356,.F.);
#1941=ORIENTED_EDGE('',*,*,#1367,.F.);
#1942=ORIENTED_EDGE('',*,*,#1370,.T.);
#1943=ORIENTED_EDGE('',*,*,#1371,.F.);
#1944=ORIENTED_EDGE('',*,*,#1350,.T.);
#1945=ORIENTED_EDGE('',*,*,#1353,.F.);
#1946=ORIENTED_EDGE('',*,*,#1355,.T.);
#1947=ORIENTED_EDGE('',*,*,#1357,.F.);
#1948=ORIENTED_EDGE('',*,*,#1369,.T.);
#1949=ORIENTED_EDGE('',*,*,#1372,.T.);
#1950=ORIENTED_EDGE('',*,*,#1373,.T.);
#1951=ORIENTED_EDGE('',*,*,#1374,.T.);
#1952=ORIENTED_EDGE('',*,*,#1375,.T.);
#1953=ORIENTED_EDGE('',*,*,#1376,.T.);
#1954=ORIENTED_EDGE('',*,*,#1377,.T.);
#1955=ORIENTED_EDGE('',*,*,#1378,.T.);
#1956=ORIENTED_EDGE('',*,*,#1379,.T.);
#1957=ORIENTED_EDGE('',*,*,#1339,.F.);
#1958=ORIENTED_EDGE('',*,*,#1351,.T.);
#1959=ORIENTED_EDGE('',*,*,#1371,.T.);
#1960=ORIENTED_EDGE('',*,*,#1380,.T.);
#1961=ORIENTED_EDGE('',*,*,#1358,.F.);
#1962=ORIENTED_EDGE('',*,*,#1381,.T.);
#1963=ORIENTED_EDGE('',*,*,#1379,.F.);
#1964=ORIENTED_EDGE('',*,*,#1381,.F.);
#1965=ORIENTED_EDGE('',*,*,#1359,.F.);
#1966=ORIENTED_EDGE('',*,*,#1382,.T.);
#1967=ORIENTED_EDGE('',*,*,#1378,.F.);
#1968=ORIENTED_EDGE('',*,*,#1382,.F.);
#1969=ORIENTED_EDGE('',*,*,#1360,.F.);
#1970=ORIENTED_EDGE('',*,*,#1383,.T.);
#1971=ORIENTED_EDGE('',*,*,#1377,.F.);
#1972=ORIENTED_EDGE('',*,*,#1383,.F.);
#1973=ORIENTED_EDGE('',*,*,#1361,.F.);
#1974=ORIENTED_EDGE('',*,*,#1384,.T.);
#1975=ORIENTED_EDGE('',*,*,#1376,.F.);
#1976=ORIENTED_EDGE('',*,*,#1384,.F.);
#1977=ORIENTED_EDGE('',*,*,#1374,.F.);
#1978=ORIENTED_EDGE('',*,*,#1385,.F.);
#1979=ORIENTED_EDGE('',*,*,#1364,.F.);
#1980=ORIENTED_EDGE('',*,*,#1386,.T.);
#1981=ORIENTED_EDGE('',*,*,#1375,.F.);
#1982=ORIENTED_EDGE('',*,*,#1386,.F.);
#1983=ORIENTED_EDGE('',*,*,#1363,.F.);
#1984=ORIENTED_EDGE('',*,*,#1387,.T.);
#1985=ORIENTED_EDGE('',*,*,#1372,.F.);
#1986=ORIENTED_EDGE('',*,*,#1387,.F.);
#1987=ORIENTED_EDGE('',*,*,#1362,.F.);
#1988=ORIENTED_EDGE('',*,*,#1388,.T.);
#1989=ORIENTED_EDGE('',*,*,#1373,.F.);
#1990=ORIENTED_EDGE('',*,*,#1388,.F.);
#1991=ORIENTED_EDGE('',*,*,#1365,.F.);
#1992=ORIENTED_EDGE('',*,*,#1385,.T.);
#1993=ORIENTED_EDGE('',*,*,#1336,.F.);
#1994=ORIENTED_EDGE('',*,*,#1380,.F.);
#1995=ORIENTED_EDGE('',*,*,#1370,.F.);
#1996=ORIENTED_EDGE('',*,*,#1366,.F.);
#1997=PLANE('',#2208);
#1998=PLANE('',#2213);
#1999=PLANE('',#2217);
#2000=PLANE('',#2218);
#2001=PLANE('',#2219);
#2002=PLANE('',#2220);
#2003=PLANE('',#2221);
#2004=PLANE('',#2222);
#2005=PLANE('',#2223);
#2006=PLANE('',#2224);
#2007=PLANE('',#2227);
#2008=PLANE('',#2230);
#2009=PLANE('',#2233);
#2010=PLANE('',#2236);
#2011=PLANE('',#2237);
#2012=PLANE('',#2240);
#2013=PLANE('',#2241);
#2014=PLANE('',#2242);
#2015=PLANE('',#2252);
#2016=PLANE('',#2255);
#2017=PLANE('',#2258);
#2018=PLANE('',#2261);
#2019=PLANE('',#2264);
#2020=PLANE('',#2265);
#2021=PLANE('',#2266);
#2022=PLANE('',#2267);
#2023=PLANE('',#2268);
#2024=PLANE('',#2269);
#2025=PLANE('',#2270);
#2026=PLANE('',#2271);
#2027=PLANE('',#2272);
#2028=PLANE('',#2273);
#2029=PLANE('',#2274);
#2030=PLANE('',#2275);
#2031=PLANE('',#2276);
#2032=PLANE('',#2277);
#2033=PLANE('',#2278);
#2034=PLANE('',#2279);
#2035=PLANE('',#2282);
#2036=PLANE('',#2285);
#2037=PLANE('',#2290);
#2038=PLANE('',#2293);
#2039=PLANE('',#2296);
#2040=PLANE('',#2299);
#2041=PLANE('',#2302);
#2042=PLANE('',#2303);
#2043=PLANE('',#2304);
#2044=PLANE('',#2305);
#2045=PLANE('',#2306);
#2046=PLANE('',#2307);
#2047=PLANE('',#2308);
#2048=PLANE('',#2309);
#2049=PLANE('',#2310);
#2050=PLANE('',#2313);
#2051=PLANE('',#2324);
#2052=PLANE('',#2325);
#2053=PLANE('',#2326);
#2054=PLANE('',#2327);
#2055=PLANE('',#2328);
#2056=PLANE('',#2331);
#2057=PLANE('',#2334);
#2058=PLANE('',#2335);
#2059=PLANE('',#2338);
#2060=PLANE('',#2339);
#2061=PLANE('',#2342);
#2062=PLANE('',#2343);
#2063=PLANE('',#2344);
#2064=PLANE('',#2345);
#2065=PLANE('',#2366);
#2066=PLANE('',#2369);
#2067=PLANE('',#2372);
#2068=PLANE('',#2379);
#2069=PLANE('',#2380);
#2070=PLANE('',#2391);
#2071=PLANE('',#2392);
#2072=PLANE('',#2393);
#2073=PLANE('',#2394);
#2074=PLANE('',#2395);
#2075=ADVANCED_FACE('',(#165),#1997,.F.);
#2076=ADVANCED_FACE('',(#166),#131,.F.);
#2077=ADVANCED_FACE('',(#167),#1998,.F.);
#2078=ADVANCED_FACE('',(#168),#132,.F.);
#2079=ADVANCED_FACE('',(#169),#1999,.T.);
#2080=ADVANCED_FACE('',(#170,#27),#2000,.T.);
#2081=ADVANCED_FACE('',(#171),#2001,.T.);
#2082=ADVANCED_FACE('',(#172),#2002,.T.);
#2083=ADVANCED_FACE('',(#173),#2003,.T.);
#2084=ADVANCED_FACE('',(#174),#2004,.T.);
#2085=ADVANCED_FACE('',(#175,#28),#2005,.T.);
#2086=ADVANCED_FACE('',(#176,#29),#2006,.T.);
#2087=ADVANCED_FACE('',(#177),#2007,.T.);
#2088=ADVANCED_FACE('',(#178,#30),#2008,.T.);
#2089=ADVANCED_FACE('',(#179,#31),#2009,.T.);
#2090=ADVANCED_FACE('',(#180),#2010,.T.);
#2091=ADVANCED_FACE('',(#181,#32),#2011,.T.);
#2092=ADVANCED_FACE('',(#182),#2012,.T.);
#2093=ADVANCED_FACE('',(#183),#2013,.T.);
#2094=ADVANCED_FACE('',(#184,#33,#34,#35,#36,#37),#2014,.T.);
#2095=ADVANCED_FACE('',(#185),#2015,.T.);
#2096=ADVANCED_FACE('',(#186),#133,.T.);
#2097=ADVANCED_FACE('',(#187),#2016,.T.);
#2098=ADVANCED_FACE('',(#188),#134,.T.);
#2099=ADVANCED_FACE('',(#189),#2017,.T.);
#2100=ADVANCED_FACE('',(#190),#135,.T.);
#2101=ADVANCED_FACE('',(#191),#2018,.T.);
#2102=ADVANCED_FACE('',(#192),#136,.T.);
#2103=ADVANCED_FACE('',(#193),#2019,.F.);
#2104=ADVANCED_FACE('',(#194),#2020,.F.);
#2105=ADVANCED_FACE('',(#195),#2021,.F.);
#2106=ADVANCED_FACE('',(#196),#2022,.F.);
#2107=ADVANCED_FACE('',(#197),#2023,.F.);
#2108=ADVANCED_FACE('',(#198),#2024,.F.);
#2109=ADVANCED_FACE('',(#199),#2025,.F.);
#2110=ADVANCED_FACE('',(#200),#2026,.F.);
#2111=ADVANCED_FACE('',(#201),#2027,.F.);
#2112=ADVANCED_FACE('',(#202),#2028,.F.);
#2113=ADVANCED_FACE('',(#203),#2029,.F.);
#2114=ADVANCED_FACE('',(#204),#2030,.F.);
#2115=ADVANCED_FACE('',(#205),#2031,.F.);
#2116=ADVANCED_FACE('',(#206),#2032,.F.);
#2117=ADVANCED_FACE('',(#207),#2033,.F.);
#2118=ADVANCED_FACE('',(#208),#2034,.F.);
#2119=ADVANCED_FACE('',(#209),#137,.T.);
#2120=ADVANCED_FACE('',(#210),#2035,.T.);
#2121=ADVANCED_FACE('',(#211),#138,.T.);
#2122=ADVANCED_FACE('',(#212,#38,#39,#40,#41),#2036,.T.);
#2123=ADVANCED_FACE('',(#213),#139,.T.);
#2124=ADVANCED_FACE('',(#214),#140,.T.);
#2125=ADVANCED_FACE('',(#215),#2037,.F.);
#2126=ADVANCED_FACE('',(#216),#141,.F.);
#2127=ADVANCED_FACE('',(#217),#2038,.T.);
#2128=ADVANCED_FACE('',(#218),#142,.F.);
#2129=ADVANCED_FACE('',(#219),#2039,.T.);
#2130=ADVANCED_FACE('',(#220),#143,.F.);
#2131=ADVANCED_FACE('',(#221),#2040,.T.);
#2132=ADVANCED_FACE('',(#222),#144,.F.);
#2133=ADVANCED_FACE('',(#223),#2041,.T.);
#2134=ADVANCED_FACE('',(#224),#2042,.F.);
#2135=ADVANCED_FACE('',(#225),#2043,.F.);
#2136=ADVANCED_FACE('',(#226),#2044,.F.);
#2137=ADVANCED_FACE('',(#227),#2045,.F.);
#2138=ADVANCED_FACE('',(#228),#2046,.F.);
#2139=ADVANCED_FACE('',(#229),#2047,.F.);
#2140=ADVANCED_FACE('',(#230),#2048,.F.);
#2141=ADVANCED_FACE('',(#231),#2049,.F.);
#2142=ADVANCED_FACE('',(#232),#145,.T.);
#2143=ADVANCED_FACE('',(#233),#2050,.T.);
#2144=ADVANCED_FACE('',(#234),#146,.T.);
#2145=ADVANCED_FACE('',(#235),#22,.T.);
#2146=ADVANCED_FACE('',(#236),#147,.T.);
#2147=ADVANCED_FACE('',(#237),#148,.T.);
#2148=ADVANCED_FACE('',(#238),#23,.T.);
#2149=ADVANCED_FACE('',(#239),#2051,.F.);
#2150=ADVANCED_FACE('',(#240),#2052,.T.);
#2151=ADVANCED_FACE('',(#241,#42,#43,#44,#45),#2053,.T.);
#2152=ADVANCED_FACE('',(#242,#46),#2054,.F.);
#2153=ADVANCED_FACE('',(#243),#2055,.F.);
#2154=ADVANCED_FACE('',(#244),#149,.F.);
#2155=ADVANCED_FACE('',(#245),#2056,.T.);
#2156=ADVANCED_FACE('',(#246),#150,.F.);
#2157=ADVANCED_FACE('',(#247),#2057,.T.);
#2158=ADVANCED_FACE('',(#248),#2058,.T.);
#2159=ADVANCED_FACE('',(#249),#151,.F.);
#2160=ADVANCED_FACE('',(#250),#2059,.T.);
#2161=ADVANCED_FACE('',(#251),#2060,.T.);
#2162=ADVANCED_FACE('',(#252),#152,.F.);
#2163=ADVANCED_FACE('',(#253),#2061,.T.);
#2164=ADVANCED_FACE('',(#254),#2062,.T.);
#2165=ADVANCED_FACE('',(#255,#47),#2063,.T.);
#2166=ADVANCED_FACE('',(#256),#2064,.T.);
#2167=ADVANCED_FACE('',(#257),#13,.F.);
#2168=ADVANCED_FACE('',(#258),#153,.T.);
#2169=ADVANCED_FACE('',(#259),#14,.F.);
#2170=ADVANCED_FACE('',(#260),#154,.T.);
#2171=ADVANCED_FACE('',(#261),#15,.F.);
#2172=ADVANCED_FACE('',(#262),#155,.T.);
#2173=ADVANCED_FACE('',(#263),#16,.F.);
#2174=ADVANCED_FACE('',(#264),#156,.T.);
#2175=ADVANCED_FACE('',(#265),#2065,.T.);
#2176=ADVANCED_FACE('',(#266),#157,.T.);
#2177=ADVANCED_FACE('',(#267),#2066,.T.);
#2178=ADVANCED_FACE('',(#268),#158,.T.);
#2179=ADVANCED_FACE('',(#269,#48,#49,#50,#51,#52),#2067,.T.);
#2180=ADVANCED_FACE('',(#270),#159,.T.);
#2181=ADVANCED_FACE('',(#271),#2068,.T.);
#2182=ADVANCED_FACE('',(#272,#53,#54,#55,#56,#57),#2069,.F.);
#2183=ADVANCED_FACE('',(#273),#160,.T.);
#2184=ADVANCED_FACE('',(#274),#161,.F.);
#2185=ADVANCED_FACE('',(#275),#162,.F.);
#2186=ADVANCED_FACE('',(#276),#163,.F.);
#2187=ADVANCED_FACE('',(#277),#164,.F.);
#2188=ADVANCED_FACE('',(#278),#2070,.F.);
#2189=ADVANCED_FACE('',(#279),#2071,.F.);
#2190=ADVANCED_FACE('',(#280),#2072,.F.);
#2191=ADVANCED_FACE('',(#281),#2073,.F.);
#2192=ADVANCED_FACE('',(#282),#2074,.T.);
#2193=CLOSED_SHELL('',(#2075,#2076,#2077,#2078,#2079,#2080,#2081,#2082,
#2083,#2084,#2085,#2086,#2087,#2088,#2089,#2090,#2091,#2092,#2093,#2094,
#2095,#2096,#2097,#2098,#2099,#2100,#2101,#2102,#2103,#2104,#2105,#2106,
#2107,#2108,#2109,#2110,#2111,#2112,#2113,#2114,#2115,#2116,#2117,#2118,
#2119,#2120,#2121,#2122,#2123,#2124,#2125,#2126,#2127,#2128,#2129,#2130,
#2131,#2132,#2133,#2134,#2135,#2136,#2137,#2138,#2139,#2140,#2141,#2142,
#2143,#2144,#2145,#2146,#2147,#2148,#2149,#2150,#2151,#2152,#2153,#2154,
#2155,#2156,#2157,#2158,#2159,#2160,#2161,#2162,#2163,#2164,#2165,#2166));
#2194=CLOSED_SHELL('',(#2167,#2168,#2169,#2170,#2171,#2172,#2173,#2174,
#2175,#2176,#2177,#2178,#2179,#2180,#2181,#2182,#2183,#2184,#2185,#2186,
#2187,#2188,#2189,#2190,#2191,#2192));
#2195=DERIVED_UNIT_ELEMENT(#2197,1.);
#2196=DERIVED_UNIT_ELEMENT(#3688,-3.);
#2197=(
MASS_UNIT()
NAMED_UNIT(*)
SI_UNIT(.KILO.,.GRAM.)
);
#2198=DERIVED_UNIT((#2195,#2196));
#2199=MEASURE_REPRESENTATION_ITEM('density measure',
POSITIVE_RATIO_MEASURE(7850.),#2198);
#2200=PROPERTY_DEFINITION_REPRESENTATION(#2205,#2202);
#2201=PROPERTY_DEFINITION_REPRESENTATION(#2206,#2203);
#2202=REPRESENTATION('material name',(#2204),#3686);
#2203=REPRESENTATION('density',(#2199),#3686);
#2204=DESCRIPTIVE_REPRESENTATION_ITEM('Steel','Steel');
#2205=PROPERTY_DEFINITION('material property','material name',#3695);
#2206=PROPERTY_DEFINITION('material property','density of part',#3695);
#2207=AXIS2_PLACEMENT_3D('',#3001,#2396,#2397);
#2208=AXIS2_PLACEMENT_3D('',#3002,#2398,#2399);
#2209=AXIS2_PLACEMENT_3D('',#3011,#2404,#2405);
#2210=AXIS2_PLACEMENT_3D('',#3014,#2406,#2407);
#2211=AXIS2_PLACEMENT_3D('',#3015,#2408,#2409);
#2212=AXIS2_PLACEMENT_3D('',#3017,#2410,#2411);
#2213=AXIS2_PLACEMENT_3D('',#3019,#2413,#2414);
#2214=AXIS2_PLACEMENT_3D('',#3029,#2420,#2421);
#2215=AXIS2_PLACEMENT_3D('',#3031,#2422,#2423);
#2216=AXIS2_PLACEMENT_3D('',#3034,#2425,#2426);
#2217=AXIS2_PLACEMENT_3D('',#3035,#2427,#2428);
#2218=AXIS2_PLACEMENT_3D('',#3038,#2431,#2432);
#2219=AXIS2_PLACEMENT_3D('',#3060,#2444,#2445);
#2220=AXIS2_PLACEMENT_3D('',#3066,#2449,#2450);
#2221=AXIS2_PLACEMENT_3D('',#3068,#2452,#2453);
#2222=AXIS2_PLACEMENT_3D('',#3070,#2455,#2456);
#2223=AXIS2_PLACEMENT_3D('',#3071,#2457,#2458);
#2224=AXIS2_PLACEMENT_3D('',#3080,#2463,#2464);
#2225=AXIS2_PLACEMENT_3D('',#3083,#2465,#2466);
#2226=AXIS2_PLACEMENT_3D('',#3092,#2471,#2472);
#2227=AXIS2_PLACEMENT_3D('',#3093,#2473,#2474);
#2228=AXIS2_PLACEMENT_3D('',#3103,#2479,#2480);
#2229=AXIS2_PLACEMENT_3D('',#3107,#2482,#2483);
#2230=AXIS2_PLACEMENT_3D('',#3109,#2485,#2486);
#2231=AXIS2_PLACEMENT_3D('',#3112,#2487,#2488);
#2232=AXIS2_PLACEMENT_3D('',#3118,#2492,#2493);
#2233=AXIS2_PLACEMENT_3D('',#3119,#2494,#2495);
#2234=AXIS2_PLACEMENT_3D('',#3122,#2496,#2497);
#2235=AXIS2_PLACEMENT_3D('',#3128,#2501,#2502);
#2236=AXIS2_PLACEMENT_3D('',#3129,#2503,#2504);
#2237=AXIS2_PLACEMENT_3D('',#3136,#2509,#2510);
#2238=AXIS2_PLACEMENT_3D('',#3139,#2511,#2512);
#2239=AXIS2_PLACEMENT_3D('',#3148,#2517,#2518);
#2240=AXIS2_PLACEMENT_3D('',#3149,#2519,#2520);
#2241=AXIS2_PLACEMENT_3D('',#3159,#2526,#2527);
#2242=AXIS2_PLACEMENT_3D('',#3165,#2531,#2532);
#2243=AXIS2_PLACEMENT_3D('',#3168,#2533,#2534);
#2244=AXIS2_PLACEMENT_3D('',#3172,#2536,#2537);
#2245=AXIS2_PLACEMENT_3D('',#3175,#2539,#2540);
#2246=AXIS2_PLACEMENT_3D('',#3177,#2541,#2542);
#2247=AXIS2_PLACEMENT_3D('',#3180,#2544,#2545);
#2248=AXIS2_PLACEMENT_3D('',#3182,#2546,#2547);
#2249=AXIS2_PLACEMENT_3D('',#3184,#2548,#2549);
#2250=AXIS2_PLACEMENT_3D('',#3186,#2550,#2551);
#2251=AXIS2_PLACEMENT_3D('',#3188,#2552,#2553);
#2252=AXIS2_PLACEMENT_3D('',#3197,#2559,#2560);
#2253=AXIS2_PLACEMENT_3D('',#3201,#2563,#2564);
#2254=AXIS2_PLACEMENT_3D('',#3204,#2566,#2567);
#2255=AXIS2_PLACEMENT_3D('',#3205,#2568,#2569);
#2256=AXIS2_PLACEMENT_3D('',#3209,#2572,#2573);
#2257=AXIS2_PLACEMENT_3D('',#3212,#2575,#2576);
#2258=AXIS2_PLACEMENT_3D('',#3213,#2577,#2578);
#2259=AXIS2_PLACEMENT_3D('',#3219,#2582,#2583);
#2260=AXIS2_PLACEMENT_3D('',#3222,#2585,#2586);
#2261=AXIS2_PLACEMENT_3D('',#3223,#2587,#2588);
#2262=AXIS2_PLACEMENT_3D('',#3227,#2591,#2592);
#2263=AXIS2_PLACEMENT_3D('',#3230,#2594,#2595);
#2264=AXIS2_PLACEMENT_3D('',#3231,#2596,#2597);
#2265=AXIS2_PLACEMENT_3D('',#3240,#2602,#2603);
#2266=AXIS2_PLACEMENT_3D('',#3246,#2607,#2608);
#2267=AXIS2_PLACEMENT_3D('',#3252,#2612,#2613);
#2268=AXIS2_PLACEMENT_3D('',#3255,#2616,#2617);
#2269=AXIS2_PLACEMENT_3D('',#3264,#2622,#2623);
#2270=AXIS2_PLACEMENT_3D('',#3270,#2627,#2628);
#2271=AXIS2_PLACEMENT_3D('',#3276,#2632,#2633);
#2272=AXIS2_PLACEMENT_3D('',#3279,#2636,#2637);
#2273=AXIS2_PLACEMENT_3D('',#3288,#2642,#2643);
#2274=AXIS2_PLACEMENT_3D('',#3294,#2647,#2648);
#2275=AXIS2_PLACEMENT_3D('',#3300,#2652,#2653);
#2276=AXIS2_PLACEMENT_3D('',#3303,#2656,#2657);
#2277=AXIS2_PLACEMENT_3D('',#3312,#2662,#2663);
#2278=AXIS2_PLACEMENT_3D('',#3318,#2667,#2668);
#2279=AXIS2_PLACEMENT_3D('',#3324,#2672,#2673);
#2280=AXIS2_PLACEMENT_3D('',#3327,#2676,#2677);
#2281=AXIS2_PLACEMENT_3D('',#3331,#2679,#2680);
#2282=AXIS2_PLACEMENT_3D('',#3333,#2682,#2683);
#2283=AXIS2_PLACEMENT_3D('',#3337,#2686,#2687);
#2284=AXIS2_PLACEMENT_3D('',#3341,#2689,#2690);
#2285=AXIS2_PLACEMENT_3D('',#3343,#2692,#2693);
#2286=AXIS2_PLACEMENT_3D('',#3347,#2696,#2697);
#2287=AXIS2_PLACEMENT_3D('',#3348,#2698,#2699);
#2288=AXIS2_PLACEMENT_3D('',#3349,#2700,#2701);
#2289=AXIS2_PLACEMENT_3D('',#3350,#2702,#2703);
#2290=AXIS2_PLACEMENT_3D('',#3351,#2704,#2705);
#2291=AXIS2_PLACEMENT_3D('',#3353,#2707,#2708);
#2292=AXIS2_PLACEMENT_3D('',#3356,#2710,#2711);
#2293=AXIS2_PLACEMENT_3D('',#3357,#2712,#2713);
#2294=AXIS2_PLACEMENT_3D('',#3358,#2714,#2715);
#2295=AXIS2_PLACEMENT_3D('',#3361,#2717,#2718);
#2296=AXIS2_PLACEMENT_3D('',#3362,#2719,#2720);
#2297=AXIS2_PLACEMENT_3D('',#3363,#2721,#2722);
#2298=AXIS2_PLACEMENT_3D('',#3366,#2724,#2725);
#2299=AXIS2_PLACEMENT_3D('',#3367,#2726,#2727);
#2300=AXIS2_PLACEMENT_3D('',#3368,#2728,#2729);
#2301=AXIS2_PLACEMENT_3D('',#3371,#2731,#2732);
#2302=AXIS2_PLACEMENT_3D('',#3372,#2733,#2734);
#2303=AXIS2_PLACEMENT_3D('',#3373,#2735,#2736);
#2304=AXIS2_PLACEMENT_3D('',#3382,#2741,#2742);
#2305=AXIS2_PLACEMENT_3D('',#3388,#2746,#2747);
#2306=AXIS2_PLACEMENT_3D('',#3394,#2751,#2752);
#2307=AXIS2_PLACEMENT_3D('',#3400,#2756,#2757);
#2308=AXIS2_PLACEMENT_3D('',#3406,#2761,#2762);
#2309=AXIS2_PLACEMENT_3D('',#3412,#2766,#2767);
#2310=AXIS2_PLACEMENT_3D('',#3418,#2771,#2772);
#2311=AXIS2_PLACEMENT_3D('',#3421,#2775,#2776);
#2312=AXIS2_PLACEMENT_3D('',#3423,#2777,#2778);
#2313=AXIS2_PLACEMENT_3D('',#3425,#2780,#2781);
#2314=AXIS2_PLACEMENT_3D('',#3429,#2784,#2785);
#2315=AXIS2_PLACEMENT_3D('',#3447,#2787,#2788);
#2316=AXIS2_PLACEMENT_3D('',#3448,#2789,#2790);
#2317=AXIS2_PLACEMENT_3D('',#3462,#2791,#2792);
#2318=AXIS2_PLACEMENT_3D('',#3463,#2793,#2794);
#2319=AXIS2_PLACEMENT_3D('',#3464,#2795,#2796);
#2320=AXIS2_PLACEMENT_3D('',#3465,#2797,#2798);
#2321=AXIS2_PLACEMENT_3D('',#3468,#2800,#2801);
#2322=AXIS2_PLACEMENT_3D('',#3469,#2802,#2803);
#2323=AXIS2_PLACEMENT_3D('',#3477,#2804,#2805);
#2324=AXIS2_PLACEMENT_3D('',#3478,#2806,#2807);
#2325=AXIS2_PLACEMENT_3D('',#3482,#2810,#2811);
#2326=AXIS2_PLACEMENT_3D('',#3492,#2819,#2820);
#2327=AXIS2_PLACEMENT_3D('',#3494,#2822,#2823);
#2328=AXIS2_PLACEMENT_3D('',#3496,#2825,#2826);
#2329=AXIS2_PLACEMENT_3D('',#3497,#2827,#2828);
#2330=AXIS2_PLACEMENT_3D('',#3500,#2830,#2831);
#2331=AXIS2_PLACEMENT_3D('',#3501,#2832,#2833);
#2332=AXIS2_PLACEMENT_3D('',#3502,#2834,#2835);
#2333=AXIS2_PLACEMENT_3D('',#3505,#2837,#2838);
#2334=AXIS2_PLACEMENT_3D('',#3506,#2839,#2840);
#2335=AXIS2_PLACEMENT_3D('',#3507,#2841,#2842);
#2336=AXIS2_PLACEMENT_3D('',#3508,#2843,#2844);
#2337=AXIS2_PLACEMENT_3D('',#3511,#2846,#2847);
#2338=AXIS2_PLACEMENT_3D('',#3512,#2848,#2849);
#2339=AXIS2_PLACEMENT_3D('',#3513,#2850,#2851);
#2340=AXIS2_PLACEMENT_3D('',#3514,#2852,#2853);
#2341=AXIS2_PLACEMENT_3D('',#3517,#2855,#2856);
#2342=AXIS2_PLACEMENT_3D('',#3518,#2857,#2858);
#2343=AXIS2_PLACEMENT_3D('',#3519,#2859,#2860);
#2344=AXIS2_PLACEMENT_3D('',#3520,#2861,#2862);
#2345=AXIS2_PLACEMENT_3D('',#3521,#2863,#2864);
#2346=AXIS2_PLACEMENT_3D('',#3533,#2865,#2866);
#2347=AXIS2_PLACEMENT_3D('',#3535,#2867,#2868);
#2348=AXIS2_PLACEMENT_3D('',#3537,#2869,#2870);
#2349=AXIS2_PLACEMENT_3D('',#3538,#2871,#2872);
#2350=AXIS2_PLACEMENT_3D('',#3539,#2873,#2874);
#2351=AXIS2_PLACEMENT_3D('',#3542,#2875,#2876);
#2352=AXIS2_PLACEMENT_3D('',#3556,#2879,#2880);
#2353=AXIS2_PLACEMENT_3D('',#3557,#2881,#2882);
#2354=AXIS2_PLACEMENT_3D('',#3558,#2883,#2884);
#2355=AXIS2_PLACEMENT_3D('',#3559,#2885,#2886);
#2356=AXIS2_PLACEMENT_3D('',#3562,#2887,#2888);
#2357=AXIS2_PLACEMENT_3D('',#3576,#2891,#2892);
#2358=AXIS2_PLACEMENT_3D('',#3577,#2893,#2894);
#2359=AXIS2_PLACEMENT_3D('',#3578,#2895,#2896);
#2360=AXIS2_PLACEMENT_3D('',#3579,#2897,#2898);
#2361=AXIS2_PLACEMENT_3D('',#3582,#2899,#2900);
#2362=AXIS2_PLACEMENT_3D('',#3596,#2903,#2904);
#2363=AXIS2_PLACEMENT_3D('',#3597,#2905,#2906);
#2364=AXIS2_PLACEMENT_3D('',#3598,#2907,#2908);
#2365=AXIS2_PLACEMENT_3D('',#3599,#2909,#2910);
#2366=AXIS2_PLACEMENT_3D('',#3602,#2913,#2914);
#2367=AXIS2_PLACEMENT_3D('',#3608,#2918,#2919);
#2368=AXIS2_PLACEMENT_3D('',#3611,#2921,#2922);
#2369=AXIS2_PLACEMENT_3D('',#3612,#2923,#2924);
#2370=AXIS2_PLACEMENT_3D('',#3616,#2927,#2928);
#2371=AXIS2_PLACEMENT_3D('',#3619,#2930,#2931);
#2372=AXIS2_PLACEMENT_3D('',#3620,#2932,#2933);
#2373=AXIS2_PLACEMENT_3D('',#3622,#2934,#2935);
#2374=AXIS2_PLACEMENT_3D('',#3624,#2936,#2937);
#2375=AXIS2_PLACEMENT_3D('',#3626,#2938,#2939);
#2376=AXIS2_PLACEMENT_3D('',#3628,#2940,#2941);
#2377=AXIS2_PLACEMENT_3D('',#3637,#2946,#2947);
#2378=AXIS2_PLACEMENT_3D('',#3641,#2949,#2950);
#2379=AXIS2_PLACEMENT_3D('',#3643,#2952,#2953);
#2380=AXIS2_PLACEMENT_3D('',#3645,#2955,#2956);
#2381=AXIS2_PLACEMENT_3D('',#3648,#2958,#2959);
#2382=AXIS2_PLACEMENT_3D('',#3658,#2964,#2965);
#2383=AXIS2_PLACEMENT_3D('',#3660,#2966,#2967);
#2384=AXIS2_PLACEMENT_3D('',#3662,#2968,#2969);
#2385=AXIS2_PLACEMENT_3D('',#3664,#2970,#2971);
#2386=AXIS2_PLACEMENT_3D('',#3665,#2972,#2973);
#2387=AXIS2_PLACEMENT_3D('',#3667,#2975,#2976);
#2388=AXIS2_PLACEMENT_3D('',#3669,#2978,#2979);
#2389=AXIS2_PLACEMENT_3D('',#3671,#2981,#2982);
#2390=AXIS2_PLACEMENT_3D('',#3673,#2984,#2985);
#2391=AXIS2_PLACEMENT_3D('',#3675,#2987,#2988);
#2392=AXIS2_PLACEMENT_3D('',#3678,#2991,#2992);
#2393=AXIS2_PLACEMENT_3D('',#3680,#2994,#2995);
#2394=AXIS2_PLACEMENT_3D('',#3682,#2997,#2998);
#2395=AXIS2_PLACEMENT_3D('',#3683,#2999,#3000);
#2396=DIRECTION('axis',(0.,0.,1.));
#2397=DIRECTION('refdir',(1.,0.,0.));
#2398=DIRECTION('center_axis',(0.,0.,1.));
#2399=DIRECTION('ref_axis',(1.,0.,0.));
#2400=DIRECTION('',(0.,-1.,0.));
#2401=DIRECTION('',(-1.,0.,0.));
#2402=DIRECTION('',(0.,1.,0.));
#2403=DIRECTION('',(1.,0.,0.));
#2404=DIRECTION('center_axis',(0.,-1.,0.));
#2405=DIRECTION('ref_axis',(0.707106781186546,0.,-0.707106781186549));
#2406=DIRECTION('center_axis',(0.,-1.,0.));
#2407=DIRECTION('ref_axis',(0.707106781186546,0.,-0.707106781186549));
#2408=DIRECTION('center_axis',(0.,-1.,0.));
#2409=DIRECTION('ref_axis',(0.707106781186546,0.,0.707106781186549));
#2410=DIRECTION('center_axis',(0.,1.,0.));
#2411=DIRECTION('ref_axis',(0.707106781186546,0.,0.707106781186549));
#2412=DIRECTION('',(0.,-1.,0.));
#2413=DIRECTION('center_axis',(1.,0.,0.));
#2414=DIRECTION('ref_axis',(0.,1.,0.));
#2415=DIRECTION('',(0.,0.,-1.));
#2416=DIRECTION('',(0.,0.,1.));
#2417=DIRECTION('',(0.,1.,0.));
#2418=DIRECTION('',(0.,0.,-1.));
#2419=DIRECTION('',(0.,-1.,0.));
#2420=DIRECTION('center_axis',(0.,1.,0.));
#2421=DIRECTION('ref_axis',(-0.707106781186547,0.,-0.707106781186547));
#2422=DIRECTION('center_axis',(0.,-1.,0.));
#2423=DIRECTION('ref_axis',(-0.707106781186547,0.,0.707106781186547));
#2424=DIRECTION('',(0.,1.,0.));
#2425=DIRECTION('center_axis',(0.,1.,0.));
#2426=DIRECTION('ref_axis',(-0.707106781186547,0.,-0.707106781186547));
#2427=DIRECTION('center_axis',(0.,0.,1.));
#2428=DIRECTION('ref_axis',(1.,0.,0.));
#2429=DIRECTION('',(-1.,0.,0.));
#2430=DIRECTION('',(-1.,0.,0.));
#2431=DIRECTION('center_axis',(0.,-1.,0.));
#2432=DIRECTION('ref_axis',(1.,0.,0.));
#2433=DIRECTION('',(1.,0.,0.));
#2434=DIRECTION('',(0.,0.,1.));
#2435=DIRECTION('',(1.,0.,0.));
#2436=DIRECTION('',(0.,0.,1.));
#2437=DIRECTION('',(1.,0.,0.));
#2438=DIRECTION('',(0.,0.,-1.));
#2439=DIRECTION('',(-1.,0.,0.));
#2440=DIRECTION('',(0.,0.,1.));
#2441=DIRECTION('',(1.,0.,0.));
#2442=DIRECTION('',(0.,0.,-1.));
#2443=DIRECTION('',(-1.,0.,0.));
#2444=DIRECTION('center_axis',(0.,-1.,0.));
#2445=DIRECTION('ref_axis',(0.,0.,-1.));
#2446=DIRECTION('',(1.,0.,0.));
#2447=DIRECTION('',(0.,0.,-1.));
#2448=DIRECTION('',(1.,0.,0.));
#2449=DIRECTION('center_axis',(0.,0.,1.));
#2450=DIRECTION('ref_axis',(0.,-1.,0.));
#2451=DIRECTION('',(0.,-1.,0.));
#2452=DIRECTION('center_axis',(0.,0.,-1.));
#2453=DIRECTION('ref_axis',(0.,1.,0.));
#2454=DIRECTION('',(0.,1.,0.));
#2455=DIRECTION('center_axis',(1.,0.,0.));
#2456=DIRECTION('ref_axis',(0.,0.,-1.));
#2457=DIRECTION('center_axis',(0.,1.,0.));
#2458=DIRECTION('ref_axis',(-1.,0.,0.));
#2459=DIRECTION('',(0.,0.,1.));
#2460=DIRECTION('',(1.,0.,0.));
#2461=DIRECTION('',(0.,0.,-1.));
#2462=DIRECTION('',(-1.,0.,0.));
#2463=DIRECTION('center_axis',(0.,0.,1.));
#2464=DIRECTION('ref_axis',(-1.,0.,0.));
#2465=DIRECTION('center_axis',(0.,0.,1.));
#2466=DIRECTION('ref_axis',(0.707106781186547,0.707106781186549,0.));
#2467=DIRECTION('',(-1.,0.,0.));
#2468=DIRECTION('',(0.,1.,0.));
#2469=DIRECTION('',(-1.,0.,0.));
#2470=DIRECTION('',(0.,1.,0.));
#2471=DIRECTION('center_axis',(0.,0.,-1.));
#2472=DIRECTION('ref_axis',(-1.,0.,0.));
#2473=DIRECTION('center_axis',(0.,1.,0.));
#2474=DIRECTION('ref_axis',(-1.,0.,0.));
#2475=DIRECTION('',(0.,0.,1.));
#2476=DIRECTION('',(0.,0.,1.));
#2477=DIRECTION('',(-1.,0.,0.));
#2478=DIRECTION('',(0.,0.,1.));
#2479=DIRECTION('center_axis',(0.,-1.,0.));
#2480=DIRECTION('ref_axis',(0.707106781186541,0.,0.707106781186554));
#2481=DIRECTION('',(0.,0.,1.));
#2482=DIRECTION('center_axis',(0.,1.,0.));
#2483=DIRECTION('ref_axis',(1.,0.,2.72734815088915E-14));
#2484=DIRECTION('',(1.,0.,0.));
#2485=DIRECTION('center_axis',(0.,0.,1.));
#2486=DIRECTION('ref_axis',(-1.,0.,0.));
#2487=DIRECTION('center_axis',(0.,0.,1.));
#2488=DIRECTION('ref_axis',(-0.707106781186548,-0.707106781186548,0.));
#2489=DIRECTION('',(1.,0.,0.));
#2490=DIRECTION('',(0.,-1.,0.));
#2491=DIRECTION('',(0.,-1.,0.));
#2492=DIRECTION('center_axis',(0.,0.,-1.));
#2493=DIRECTION('ref_axis',(-1.,0.,0.));
#2494=DIRECTION('center_axis',(0.,0.,1.));
#2495=DIRECTION('ref_axis',(-1.,0.,0.));
#2496=DIRECTION('center_axis',(0.,0.,1.));
#2497=DIRECTION('ref_axis',(0.707106781186547,-0.707106781186549,0.));
#2498=DIRECTION('',(0.,1.,0.));
#2499=DIRECTION('',(0.,1.,0.));
#2500=DIRECTION('',(1.,0.,0.));
#2501=DIRECTION('center_axis',(0.,0.,-1.));
#2502=DIRECTION('ref_axis',(-1.,0.,0.));
#2503=DIRECTION('center_axis',(1.,0.,0.));
#2504=DIRECTION('ref_axis',(0.,1.,0.));
#2505=DIRECTION('',(0.,0.,-1.));
#2506=DIRECTION('',(0.,-1.,0.));
#2507=DIRECTION('',(0.,0.,1.));
#2508=DIRECTION('',(0.,1.,0.));
#2509=DIRECTION('center_axis',(0.,0.,1.));
#2510=DIRECTION('ref_axis',(-1.,0.,0.));
#2511=DIRECTION('center_axis',(0.,0.,1.));
#2512=DIRECTION('ref_axis',(-0.707106781186548,0.707106781186548,0.));
#2513=DIRECTION('',(0.,-1.,0.));
#2514=DIRECTION('',(-1.,0.,0.));
#2515=DIRECTION('',(0.,-1.,0.));
#2516=DIRECTION('',(-1.,0.,0.));
#2517=DIRECTION('center_axis',(0.,0.,-1.));
#2518=DIRECTION('ref_axis',(-1.,0.,0.));
#2519=DIRECTION('center_axis',(0.,1.,0.));
#2520=DIRECTION('ref_axis',(-1.,0.,0.));
#2521=DIRECTION('',(0.,0.,-1.));
#2522=DIRECTION('',(1.,0.,0.));
#2523=DIRECTION('',(0.,0.,-1.));
#2524=DIRECTION('',(-1.,0.,0.));
#2525=DIRECTION('',(0.,0.,1.));
#2526=DIRECTION('center_axis',(1.,0.,0.));
#2527=DIRECTION('ref_axis',(0.,1.,0.));
#2528=DIRECTION('',(0.,-1.,0.));
#2529=DIRECTION('',(0.,1.,0.));
#2530=DIRECTION('',(0.,0.,1.));
#2531=DIRECTION('center_axis',(0.,0.,1.));
#2532=DIRECTION('ref_axis',(1.,0.,0.));
#2533=DIRECTION('center_axis',(0.,0.,1.));
#2534=DIRECTION('ref_axis',(-0.707106781186546,-0.707106781186549,0.));
#2535=DIRECTION('',(1.,0.,0.));
#2536=DIRECTION('center_axis',(0.,0.,1.));
#2537=DIRECTION('ref_axis',(0.707106781186551,-0.707106781186544,0.));
#2538=DIRECTION('',(0.,1.,0.));
#2539=DIRECTION('center_axis',(0.,0.,1.));
#2540=DIRECTION('ref_axis',(0.707106781186547,0.707106781186548,0.));
#2541=DIRECTION('center_axis',(0.,0.,1.));
#2542=DIRECTION('ref_axis',(-0.707106781186547,0.707106781186547,0.));
#2543=DIRECTION('',(0.,-1.,0.));
#2544=DIRECTION('center_axis',(0.,0.,-1.));
#2545=DIRECTION('ref_axis',(-1.,0.,0.));
#2546=DIRECTION('center_axis',(0.,0.,-1.));
#2547=DIRECTION('ref_axis',(-1.,0.,0.));
#2548=DIRECTION('center_axis',(0.,0.,-1.));
#2549=DIRECTION('ref_axis',(-1.,0.,0.));
#2550=DIRECTION('center_axis',(0.,0.,-1.));
#2551=DIRECTION('ref_axis',(-1.,0.,0.));
#2552=DIRECTION('center_axis',(0.,0.,1.));
#2553=DIRECTION('ref_axis',(-0.707106781186535,0.70710678118656,0.));
#2554=DIRECTION('',(0.,-1.,0.));
#2555=DIRECTION('',(-1.,0.,0.));
#2556=DIRECTION('',(0.,1.,0.));
#2557=DIRECTION('',(1.,0.,0.));
#2558=DIRECTION('',(0.,-1.,0.));
#2559=DIRECTION('center_axis',(0.,1.,0.));
#2560=DIRECTION('ref_axis',(-1.,0.,0.));
#2561=DIRECTION('',(0.,0.,1.));
#2562=DIRECTION('',(1.,0.,0.));
#2563=DIRECTION('center_axis',(0.,0.,1.));
#2564=DIRECTION('ref_axis',(0.707106781186547,0.707106781186549,0.));
#2565=DIRECTION('',(0.,0.,-1.));
#2566=DIRECTION('center_axis',(0.,0.,-1.));
#2567=DIRECTION('ref_axis',(0.707106781186547,0.707106781186549,0.));
#2568=DIRECTION('center_axis',(-1.,0.,0.));
#2569=DIRECTION('ref_axis',(0.,-1.,0.));
#2570=DIRECTION('',(0.,0.,1.));
#2571=DIRECTION('',(0.,1.,0.));
#2572=DIRECTION('center_axis',(0.,0.,1.));
#2573=DIRECTION('ref_axis',(-0.707106781186548,0.707106781186548,0.));
#2574=DIRECTION('',(0.,0.,-1.));
#2575=DIRECTION('center_axis',(0.,0.,-1.));
#2576=DIRECTION('ref_axis',(-0.707106781186548,0.707106781186548,0.));
#2577=DIRECTION('center_axis',(0.,-1.,0.));
#2578=DIRECTION('ref_axis',(1.,0.,0.));
#2579=DIRECTION('',(0.,0.,1.));
#2580=DIRECTION('',(-1.,0.,0.));
#2581=DIRECTION('',(0.,0.,-1.));
#2582=DIRECTION('center_axis',(0.,0.,1.));
#2583=DIRECTION('ref_axis',(-0.707106781186548,-0.707106781186548,0.));
#2584=DIRECTION('',(0.,0.,-1.));
#2585=DIRECTION('center_axis',(0.,0.,-1.));
#2586=DIRECTION('ref_axis',(-0.707106781186548,-0.707106781186548,0.));
#2587=DIRECTION('center_axis',(1.,0.,0.));
#2588=DIRECTION('ref_axis',(0.,1.,0.));
#2589=DIRECTION('',(0.,0.,1.));
#2590=DIRECTION('',(0.,-1.,0.));
#2591=DIRECTION('center_axis',(0.,0.,1.));
#2592=DIRECTION('ref_axis',(0.707106781186547,-0.707106781186549,0.));
#2593=DIRECTION('',(0.,0.,-1.));
#2594=DIRECTION('center_axis',(0.,0.,-1.));
#2595=DIRECTION('ref_axis',(0.707106781186547,-0.707106781186549,0.));
#2596=DIRECTION('center_axis',(0.,-1.,0.));
#2597=DIRECTION('ref_axis',(0.,0.,1.));
#2598=DIRECTION('',(0.,0.,-1.));
#2599=DIRECTION('',(-1.,0.,0.));
#2600=DIRECTION('',(0.,0.,1.));
#2601=DIRECTION('',(-1.,0.,0.));
#2602=DIRECTION('center_axis',(0.,0.,-1.));
#2603=DIRECTION('ref_axis',(0.,-1.,0.));
#2604=DIRECTION('',(0.,1.,0.));
#2605=DIRECTION('',(0.,-1.,0.));
#2606=DIRECTION('',(-1.,0.,0.));
#2607=DIRECTION('center_axis',(0.,1.,0.));
#2608=DIRECTION('ref_axis',(0.,0.,-1.));
#2609=DIRECTION('',(0.,0.,1.));
#2610=DIRECTION('',(0.,0.,-1.));
#2611=DIRECTION('',(-1.,0.,0.));
#2612=DIRECTION('center_axis',(0.,0.,1.));
#2613=DIRECTION('ref_axis',(0.,1.,0.));
#2614=DIRECTION('',(0.,-1.,0.));
#2615=DIRECTION('',(0.,1.,0.));
#2616=DIRECTION('center_axis',(0.,0.,-1.));
#2617=DIRECTION('ref_axis',(0.,-1.,0.));
#2618=DIRECTION('',(0.,1.,0.));
#2619=DIRECTION('',(-1.,0.,0.));
#2620=DIRECTION('',(0.,-1.,0.));
#2621=DIRECTION('',(-1.,0.,0.));
#2622=DIRECTION('center_axis',(0.,1.,0.));
#2623=DIRECTION('ref_axis',(0.,0.,-1.));
#2624=DIRECTION('',(0.,0.,1.));
#2625=DIRECTION('',(0.,0.,-1.));
#2626=DIRECTION('',(-1.,0.,0.));
#2627=DIRECTION('center_axis',(0.,0.,1.));
#2628=DIRECTION('ref_axis',(0.,1.,0.));
#2629=DIRECTION('',(0.,-1.,0.));
#2630=DIRECTION('',(0.,1.,0.));
#2631=DIRECTION('',(-1.,0.,0.));
#2632=DIRECTION('center_axis',(0.,-1.,0.));
#2633=DIRECTION('ref_axis',(0.,0.,1.));
#2634=DIRECTION('',(0.,0.,-1.));
#2635=DIRECTION('',(0.,0.,1.));
#2636=DIRECTION('center_axis',(0.,-1.,0.));
#2637=DIRECTION('ref_axis',(0.,0.,1.));
#2638=DIRECTION('',(0.,0.,-1.));
#2639=DIRECTION('',(-1.,0.,0.));
#2640=DIRECTION('',(0.,0.,1.));
#2641=DIRECTION('',(-1.,0.,0.));
#2642=DIRECTION('center_axis',(0.,0.,-1.));
#2643=DIRECTION('ref_axis',(0.,-1.,0.));
#2644=DIRECTION('',(0.,1.,0.));
#2645=DIRECTION('',(0.,-1.,0.));
#2646=DIRECTION('',(-1.,0.,0.));
#2647=DIRECTION('center_axis',(0.,1.,0.));
#2648=DIRECTION('ref_axis',(0.,0.,-1.));
#2649=DIRECTION('',(0.,0.,1.));
#2650=DIRECTION('',(0.,0.,-1.));
#2651=DIRECTION('',(-1.,0.,0.));
#2652=DIRECTION('center_axis',(0.,0.,1.));
#2653=DIRECTION('ref_axis',(0.,1.,0.));
#2654=DIRECTION('',(0.,-1.,0.));
#2655=DIRECTION('',(0.,1.,0.));
#2656=DIRECTION('center_axis',(0.,0.,-1.));
#2657=DIRECTION('ref_axis',(0.,-1.,0.));
#2658=DIRECTION('',(0.,1.,0.));
#2659=DIRECTION('',(-1.,0.,0.));
#2660=DIRECTION('',(0.,-1.,0.));
#2661=DIRECTION('',(-1.,0.,0.));
#2662=DIRECTION('center_axis',(0.,1.,0.));
#2663=DIRECTION('ref_axis',(0.,0.,-1.));
#2664=DIRECTION('',(0.,0.,1.));
#2665=DIRECTION('',(0.,0.,-1.));
#2666=DIRECTION('',(-1.,0.,0.));
#2667=DIRECTION('center_axis',(0.,0.,1.));
#2668=DIRECTION('ref_axis',(0.,1.,0.));
#2669=DIRECTION('',(0.,-1.,0.));
#2670=DIRECTION('',(0.,1.,0.));
#2671=DIRECTION('',(-1.,0.,0.));
#2672=DIRECTION('center_axis',(0.,-1.,0.));
#2673=DIRECTION('ref_axis',(0.,0.,1.));
#2674=DIRECTION('',(0.,0.,-1.));
#2675=DIRECTION('',(0.,0.,1.));
#2676=DIRECTION('center_axis',(0.,0.,1.));
#2677=DIRECTION('ref_axis',(-0.707106781186546,-0.707106781186549,0.));
#2678=DIRECTION('',(0.,0.,-1.));
#2679=DIRECTION('center_axis',(0.,0.,1.));
#2680=DIRECTION('ref_axis',(-0.707106781186546,-0.707106781186549,0.));
#2681=DIRECTION('',(0.,0.,1.));
#2682=DIRECTION('center_axis',(-1.,0.,0.));
#2683=DIRECTION('ref_axis',(0.,-1.,0.));
#2684=DIRECTION('',(0.,0.,1.));
#2685=DIRECTION('',(0.,1.,0.));
#2686=DIRECTION('center_axis',(0.,0.,1.));
#2687=DIRECTION('ref_axis',(0.707106781186551,-0.707106781186544,0.));
#2688=DIRECTION('',(0.,0.,-1.));
#2689=DIRECTION('center_axis',(0.,0.,1.));
#2690=DIRECTION('ref_axis',(0.707106781186551,-0.707106781186544,0.));
#2691=DIRECTION('',(0.,0.,1.));
#2692=DIRECTION('center_axis',(1.,0.,0.));
#2693=DIRECTION('ref_axis',(0.,1.,0.));
#2694=DIRECTION('',(0.,-1.,0.));
#2695=DIRECTION('',(0.,0.,-1.));
#2696=DIRECTION('center_axis',(0.,0.,1.));
#2697=DIRECTION('ref_axis',(0.707106781186547,0.707106781186548,0.));
#2698=DIRECTION('center_axis',(0.,0.,1.));
#2699=DIRECTION('ref_axis',(0.707106781186547,0.707106781186548,0.));
#2700=DIRECTION('center_axis',(0.,0.,1.));
#2701=DIRECTION('ref_axis',(-0.707106781186547,0.707106781186547,0.));
#2702=DIRECTION('center_axis',(0.,0.,1.));
#2703=DIRECTION('ref_axis',(-0.707106781186547,0.707106781186547,0.));
#2704=DIRECTION('center_axis',(0.,0.,1.));
#2705=DIRECTION('ref_axis',(1.,0.,0.));
#2706=DIRECTION('',(-1.,0.,0.));
#2707=DIRECTION('center_axis',(0.,0.,-1.));
#2708=DIRECTION('ref_axis',(-1.,0.,0.));
#2709=DIRECTION('',(0.,0.,-1.));
#2710=DIRECTION('center_axis',(0.,0.,-1.));
#2711=DIRECTION('ref_axis',(-1.,0.,0.));
#2712=DIRECTION('center_axis',(0.,0.,1.));
#2713=DIRECTION('ref_axis',(-1.,0.,0.));
#2714=DIRECTION('center_axis',(0.,0.,-1.));
#2715=DIRECTION('ref_axis',(-1.,0.,0.));
#2716=DIRECTION('',(0.,0.,-1.));
#2717=DIRECTION('center_axis',(0.,0.,-1.));
#2718=DIRECTION('ref_axis',(-1.,0.,0.));
#2719=DIRECTION('center_axis',(0.,0.,1.));
#2720=DIRECTION('ref_axis',(-1.,0.,0.));
#2721=DIRECTION('center_axis',(0.,0.,-1.));
#2722=DIRECTION('ref_axis',(-1.,0.,0.));
#2723=DIRECTION('',(0.,0.,-1.));
#2724=DIRECTION('center_axis',(0.,0.,-1.));
#2725=DIRECTION('ref_axis',(-1.,0.,0.));
#2726=DIRECTION('center_axis',(0.,0.,1.));
#2727=DIRECTION('ref_axis',(-1.,0.,0.));
#2728=DIRECTION('center_axis',(0.,0.,-1.));
#2729=DIRECTION('ref_axis',(-1.,0.,0.));
#2730=DIRECTION('',(0.,0.,-1.));
#2731=DIRECTION('center_axis',(0.,0.,-1.));
#2732=DIRECTION('ref_axis',(-1.,0.,0.));
#2733=DIRECTION('center_axis',(0.,0.,1.));
#2734=DIRECTION('ref_axis',(-1.,0.,0.));
#2735=DIRECTION('center_axis',(0.,0.,-1.));
#2736=DIRECTION('ref_axis',(-1.,0.,0.));
#2737=DIRECTION('',(1.,0.,0.));
#2738=DIRECTION('',(0.,1.,0.));
#2739=DIRECTION('',(-1.,0.,0.));
#2740=DIRECTION('',(0.,1.,0.));
#2741=DIRECTION('center_axis',(-1.,0.,0.));
#2742=DIRECTION('ref_axis',(0.,0.,1.));
#2743=DIRECTION('',(0.,0.,-1.));
#2744=DIRECTION('',(0.,0.,1.));
#2745=DIRECTION('',(0.,1.,0.));
#2746=DIRECTION('center_axis',(-1.77352061153921E-17,0.,-1.));
#2747=DIRECTION('ref_axis',(-1.,0.,1.77352061153921E-17));
#2748=DIRECTION('',(1.,0.,-1.77352061153921E-17));
#2749=DIRECTION('',(-1.,0.,1.77352061153921E-17));
#2750=DIRECTION('',(0.,1.,0.));
#2751=DIRECTION('center_axis',(1.,0.,0.));
#2752=DIRECTION('ref_axis',(0.,0.,-1.));
#2753=DIRECTION('',(0.,0.,1.));
#2754=DIRECTION('',(0.,0.,-1.));
#2755=DIRECTION('',(0.,1.,0.));
#2756=DIRECTION('center_axis',(0.,0.,1.));
#2757=DIRECTION('ref_axis',(1.,0.,0.));
#2758=DIRECTION('',(-1.,0.,0.));
#2759=DIRECTION('',(1.,0.,0.));
#2760=DIRECTION('',(0.,1.,0.));
#2761=DIRECTION('center_axis',(1.,0.,0.));
#2762=DIRECTION('ref_axis',(0.,0.,-1.));
#2763=DIRECTION('',(0.,0.,1.));
#2764=DIRECTION('',(0.,0.,-1.));
#2765=DIRECTION('',(0.,1.,0.));
#2766=DIRECTION('center_axis',(0.,0.,1.));
#2767=DIRECTION('ref_axis',(1.,0.,0.));
#2768=DIRECTION('',(-1.,0.,0.));
#2769=DIRECTION('',(1.,0.,0.));
#2770=DIRECTION('',(0.,1.,0.));
#2771=DIRECTION('center_axis',(-1.,0.,2.46718156858958E-16));
#2772=DIRECTION('ref_axis',(2.46718156858958E-16,0.,1.));
#2773=DIRECTION('',(-2.46718156858958E-16,0.,-1.));
#2774=DIRECTION('',(2.46718156858958E-16,0.,1.));
#2775=DIRECTION('center_axis',(0.,0.,1.));
#2776=DIRECTION('ref_axis',(-0.707106781186535,0.70710678118656,0.));
#2777=DIRECTION('center_axis',(0.,0.,-1.));
#2778=DIRECTION('ref_axis',(-0.707106781186535,0.70710678118656,0.));
#2779=DIRECTION('',(0.,0.,1.));
#2780=DIRECTION('center_axis',(-1.,0.,0.));
#2781=DIRECTION('ref_axis',(0.,0.,1.));
#2782=DIRECTION('',(0.,-1.,0.));
#2783=DIRECTION('',(0.,0.,-1.));
#2784=DIRECTION('center_axis',(0.,0.,1.));
#2785=DIRECTION('ref_axis',(0.953938486534401,0.30000227317215,0.));
#2786=DIRECTION('',(0.,0.,1.));
#2787=DIRECTION('center_axis',(-3.91045890432401E-14,-5.32907051820077E-14,
1.));
#2788=DIRECTION('ref_axis',(0.953938486534401,0.30000227317215,5.32907051820073E-14));
#2789=DIRECTION('center_axis',(0.,1.,0.));
#2790=DIRECTION('ref_axis',(1.,0.,2.70138597193851E-14));
#2791=DIRECTION('center_axis',(0.,1.,0.));
#2792=DIRECTION('ref_axis',(-0.707106781186547,0.,-0.707106781186548));
#2793=DIRECTION('center_axis',(0.,1.,0.));
#2794=DIRECTION('ref_axis',(0.707106781186541,0.,0.707106781186554));
#2795=DIRECTION('center_axis',(0.,-0.707106781186543,-0.707106781186552));
#2796=DIRECTION('ref_axis',(0.,-0.707106781186552,0.707106781186543));
#2797=DIRECTION('center_axis',(0.,0.,1.));
#2798=DIRECTION('ref_axis',(0.707106781186535,-0.70710678118656,0.));
#2799=DIRECTION('',(0.,0.,-1.));
#2800=DIRECTION('center_axis',(0.,0.,1.));
#2801=DIRECTION('ref_axis',(0.,-1.,0.));
#2802=DIRECTION('center_axis',(0.,-1.,0.));
#2803=DIRECTION('ref_axis',(0.,0.,-1.));
#2804=DIRECTION('center_axis',(0.,-1.,0.));
#2805=DIRECTION('ref_axis',(-0.707106781186547,0.,-0.707106781186548));
#2806=DIRECTION('center_axis',(0.,1.,0.));
#2807=DIRECTION('ref_axis',(-1.,0.,0.));
#2808=DIRECTION('',(0.,0.,-1.));
#2809=DIRECTION('',(1.,0.,0.));
#2810=DIRECTION('center_axis',(0.,0.,1.));
#2811=DIRECTION('ref_axis',(1.,0.,0.));
#2812=DIRECTION('',(0.,1.,0.));
#2813=DIRECTION('',(-1.,0.,0.));
#2814=DIRECTION('',(1.,0.,0.));
#2815=DIRECTION('',(0.,1.,0.));
#2816=DIRECTION('',(0.,1.,0.));
#2817=DIRECTION('',(-1.,0.,0.));
#2818=DIRECTION('',(0.,-1.,0.));
#2819=DIRECTION('center_axis',(-1.,0.,0.));
#2820=DIRECTION('ref_axis',(0.,-1.,0.));
#2821=DIRECTION('',(0.,0.,1.));
#2822=DIRECTION('center_axis',(0.,-1.,0.));
#2823=DIRECTION('ref_axis',(1.,0.,0.));
#2824=DIRECTION('',(0.,0.,1.));
#2825=DIRECTION('center_axis',(-1.,0.,0.));
#2826=DIRECTION('ref_axis',(0.,0.,1.));
#2827=DIRECTION('center_axis',(0.,0.,1.));
#2828=DIRECTION('ref_axis',(-1.,0.,0.));
#2829=DIRECTION('',(0.,0.,-1.));
#2830=DIRECTION('center_axis',(0.,0.,1.));
#2831=DIRECTION('ref_axis',(-1.,0.,0.));
#2832=DIRECTION('center_axis',(1.,0.,0.));
#2833=DIRECTION('ref_axis',(0.,1.,0.));
#2834=DIRECTION('center_axis',(0.,0.,1.));
#2835=DIRECTION('ref_axis',(-1.,0.,0.));
#2836=DIRECTION('',(0.,0.,-1.));
#2837=DIRECTION('center_axis',(0.,0.,1.));
#2838=DIRECTION('ref_axis',(-1.,0.,0.));
#2839=DIRECTION('center_axis',(0.,1.,0.));
#2840=DIRECTION('ref_axis',(-1.,0.,0.));
#2841=DIRECTION('center_axis',(0.,0.,1.));
#2842=DIRECTION('ref_axis',(1.,0.,0.));
#2843=DIRECTION('center_axis',(0.,0.,1.));
#2844=DIRECTION('ref_axis',(-1.,0.,0.));
#2845=DIRECTION('',(0.,0.,-1.));
#2846=DIRECTION('center_axis',(0.,0.,1.));
#2847=DIRECTION('ref_axis',(-1.,0.,0.));
#2848=DIRECTION('center_axis',(-1.,0.,0.));
#2849=DIRECTION('ref_axis',(0.,-1.,0.));
#2850=DIRECTION('center_axis',(0.,0.,1.));
#2851=DIRECTION('ref_axis',(1.,0.,0.));
#2852=DIRECTION('center_axis',(0.,0.,1.));
#2853=DIRECTION('ref_axis',(-1.,0.,0.));
#2854=DIRECTION('',(0.,0.,-1.));
#2855=DIRECTION('center_axis',(0.,0.,1.));
#2856=DIRECTION('ref_axis',(-1.,0.,0.));
#2857=DIRECTION('center_axis',(0.,-1.,0.));
#2858=DIRECTION('ref_axis',(1.,0.,0.));
#2859=DIRECTION('center_axis',(0.,0.,1.));
#2860=DIRECTION('ref_axis',(1.,0.,0.));
#2861=DIRECTION('center_axis',(0.,-1.,0.));
#2862=DIRECTION('ref_axis',(1.,0.,0.));
#2863=DIRECTION('center_axis',(0.,0.,1.));
#2864=DIRECTION('ref_axis',(1.,0.,0.));
#2865=DIRECTION('center_axis',(0.,-1.,0.));
#2866=DIRECTION('ref_axis',(1.,0.,0.));
#2867=DIRECTION('center_axis',(0.,0.,-1.));
#2868=DIRECTION('ref_axis',(0.707106781186545,-0.70710678118655,0.));
#2869=DIRECTION('center_axis',(1.,0.,0.));
#2870=DIRECTION('ref_axis',(0.,0.,1.));
#2871=DIRECTION('center_axis',(0.,0.,1.));
#2872=DIRECTION('ref_axis',(0.707106781186545,-0.70710678118655,0.));
#2873=DIRECTION('center_axis',(1.,0.,0.));
#2874=DIRECTION('ref_axis',(0.,-0.707106781186546,0.707106781186549));
#2875=DIRECTION('center_axis',(1.,0.,0.));
#2876=DIRECTION('ref_axis',(0.,0.,1.));
#2877=DIRECTION('',(1.,0.,0.));
#2878=DIRECTION('',(-1.,0.,0.));
#2879=DIRECTION('center_axis',(0.,-1.,0.));
#2880=DIRECTION('ref_axis',(0.,0.,1.));
#2881=DIRECTION('center_axis',(0.,0.,1.));
#2882=DIRECTION('ref_axis',(-0.707106781186546,-0.707106781186549,0.));
#2883=DIRECTION('center_axis',(0.,0.,-1.));
#2884=DIRECTION('ref_axis',(-0.707106781186546,-0.707106781186549,0.));
#2885=DIRECTION('center_axis',(0.,-1.,0.));
#2886=DIRECTION('ref_axis',(-0.707106781186547,0.,0.707106781186547));
#2887=DIRECTION('center_axis',(0.,-1.,0.));
#2888=DIRECTION('ref_axis',(0.,0.,1.));
#2889=DIRECTION('',(0.,-1.,0.));
#2890=DIRECTION('',(0.,1.,0.));
#2891=DIRECTION('center_axis',(-1.,0.,0.));
#2892=DIRECTION('ref_axis',(0.,0.,1.));
#2893=DIRECTION('center_axis',(0.,0.,1.));
#2894=DIRECTION('ref_axis',(-0.707106781186548,0.707106781186547,0.));
#2895=DIRECTION('center_axis',(0.,0.,-1.));
#2896=DIRECTION('ref_axis',(-0.707106781186548,0.707106781186547,0.));
#2897=DIRECTION('center_axis',(-1.,0.,0.));
#2898=DIRECTION('ref_axis',(0.,0.707106781186547,0.707106781186547));
#2899=DIRECTION('center_axis',(-1.,0.,0.));
#2900=DIRECTION('ref_axis',(0.,0.,1.));
#2901=DIRECTION('',(-1.,0.,0.));
#2902=DIRECTION('',(1.,0.,0.));
#2903=DIRECTION('center_axis',(0.,1.,0.));
#2904=DIRECTION('ref_axis',(0.,0.,1.));
#2905=DIRECTION('center_axis',(0.,0.,1.));
#2906=DIRECTION('ref_axis',(0.707106781186547,0.707106781186548,0.));
#2907=DIRECTION('center_axis',(0.,0.,-1.));
#2908=DIRECTION('ref_axis',(0.707106781186547,0.707106781186548,0.));
#2909=DIRECTION('center_axis',(0.,1.,0.));
#2910=DIRECTION('ref_axis',(0.707106781186546,0.,0.707106781186549));
#2911=DIRECTION('',(0.,-1.,0.));
#2912=DIRECTION('',(0.,1.,0.));
#2913=DIRECTION('center_axis',(0.,1.,0.));
#2914=DIRECTION('ref_axis',(-1.,0.,0.));
#2915=DIRECTION('',(0.,0.,1.));
#2916=DIRECTION('',(1.,0.,0.));
#2917=DIRECTION('',(0.,0.,-1.));
#2918=DIRECTION('center_axis',(0.,0.,1.));
#2919=DIRECTION('ref_axis',(0.707106781186547,0.707106781186548,0.));
#2920=DIRECTION('',(0.,0.,-1.));
#2921=DIRECTION('center_axis',(0.,0.,1.));
#2922=DIRECTION('ref_axis',(0.707106781186547,0.707106781186548,0.));
#2923=DIRECTION('center_axis',(1.,0.,0.));
#2924=DIRECTION('ref_axis',(0.,1.,0.));
#2925=DIRECTION('',(0.,0.,1.));
#2926=DIRECTION('',(0.,-1.,0.));
#2927=DIRECTION('center_axis',(0.,0.,1.));
#2928=DIRECTION('ref_axis',(0.707106781186551,-0.707106781186544,0.));
#2929=DIRECTION('',(0.,0.,-1.));
#2930=DIRECTION('center_axis',(0.,0.,1.));
#2931=DIRECTION('ref_axis',(0.707106781186551,-0.707106781186544,0.));
#2932=DIRECTION('center_axis',(0.,0.,1.));
#2933=DIRECTION('ref_axis',(1.,0.,0.));
#2934=DIRECTION('center_axis',(0.,0.,-1.));
#2935=DIRECTION('ref_axis',(-1.,0.,0.));
#2936=DIRECTION('center_axis',(0.,0.,-1.));
#2937=DIRECTION('ref_axis',(-1.,0.,0.));
#2938=DIRECTION('center_axis',(0.,0.,-1.));
#2939=DIRECTION('ref_axis',(-1.,0.,0.));
#2940=DIRECTION('center_axis',(0.,0.,-1.));
#2941=DIRECTION('ref_axis',(-1.,0.,0.));
#2942=DIRECTION('',(0.,-1.,0.));
#2943=DIRECTION('',(-1.,0.,0.));
#2944=DIRECTION('',(0.,1.,0.));
#2945=DIRECTION('',(1.,0.,0.));
#2946=DIRECTION('center_axis',(0.,0.,1.));
#2947=DIRECTION('ref_axis',(-0.707106781186546,-0.707106781186549,0.));
#2948=DIRECTION('',(0.,0.,-1.));
#2949=DIRECTION('center_axis',(0.,0.,1.));
#2950=DIRECTION('ref_axis',(-0.707106781186546,-0.707106781186549,0.));
#2951=DIRECTION('',(0.,0.,1.));
#2952=DIRECTION('center_axis',(0.,-1.,0.));
#2953=DIRECTION('ref_axis',(1.,0.,0.));
#2954=DIRECTION('',(-1.,0.,0.));
#2955=DIRECTION('center_axis',(0.,0.,1.));
#2956=DIRECTION('ref_axis',(-1.,0.,0.));
#2957=DIRECTION('',(0.,1.,0.));
#2958=DIRECTION('center_axis',(0.,0.,1.));
#2959=DIRECTION('ref_axis',(-0.707106781186547,0.707106781186548,0.));
#2960=DIRECTION('',(0.,1.,0.));
#2961=DIRECTION('',(-1.,0.,0.));
#2962=DIRECTION('',(0.,-1.,0.));
#2963=DIRECTION('',(1.,0.,0.));
#2964=DIRECTION('center_axis',(0.,0.,1.));
#2965=DIRECTION('ref_axis',(-1.,0.,0.));
#2966=DIRECTION('center_axis',(0.,0.,1.));
#2967=DIRECTION('ref_axis',(-1.,0.,0.));
#2968=DIRECTION('center_axis',(0.,0.,1.));
#2969=DIRECTION('ref_axis',(-1.,0.,0.));
#2970=DIRECTION('center_axis',(0.,0.,1.));
#2971=DIRECTION('ref_axis',(-1.,0.,0.));
#2972=DIRECTION('center_axis',(0.,0.,1.));
#2973=DIRECTION('ref_axis',(-0.707106781186547,0.707106781186548,0.));
#2974=DIRECTION('',(0.,0.,1.));
#2975=DIRECTION('center_axis',(0.,0.,-1.));
#2976=DIRECTION('ref_axis',(-1.,0.,0.));
#2977=DIRECTION('',(0.,0.,-1.));
#2978=DIRECTION('center_axis',(0.,0.,-1.));
#2979=DIRECTION('ref_axis',(-1.,0.,0.));
#2980=DIRECTION('',(0.,0.,-1.));
#2981=DIRECTION('center_axis',(0.,0.,-1.));
#2982=DIRECTION('ref_axis',(-1.,0.,0.));
#2983=DIRECTION('',(0.,0.,-1.));
#2984=DIRECTION('center_axis',(0.,0.,-1.));
#2985=DIRECTION('ref_axis',(-1.,0.,0.));
#2986=DIRECTION('',(0.,0.,-1.));
#2987=DIRECTION('center_axis',(-1.,0.,0.));
#2988=DIRECTION('ref_axis',(0.,1.,0.));
#2989=DIRECTION('',(0.,0.,-1.));
#2990=DIRECTION('',(0.,0.,-1.));
#2991=DIRECTION('center_axis',(0.,-1.,0.));
#2992=DIRECTION('ref_axis',(-1.,0.,0.));
#2993=DIRECTION('',(0.,0.,-1.));
#2994=DIRECTION('center_axis',(1.,0.,0.));
#2995=DIRECTION('ref_axis',(0.,-1.,0.));
#2996=DIRECTION('',(0.,0.,-1.));
#2997=DIRECTION('center_axis',(0.,1.,0.));
#2998=DIRECTION('ref_axis',(1.,0.,0.));
#2999=DIRECTION('center_axis',(-1.,0.,0.));
#3000=DIRECTION('ref_axis',(0.,-1.,0.));
#3001=CARTESIAN_POINT('',(0.,0.,0.));
#3002=CARTESIAN_POINT('Origin',(0.0520000007748604,-0.0427228730218157,
0.0347231151447974));
#3003=CARTESIAN_POINT('',(0.0400714406717321,-0.0347228730218157,0.0347231151447974));
#3004=CARTESIAN_POINT('',(0.0400714406717321,-0.0427228730218157,0.0347231151447974));
#3005=CARTESIAN_POINT('',(0.0400714406717321,-0.0387228730218157,0.0347231151447974));
#3006=CARTESIAN_POINT('',(0.046428560624669,-0.0347228730218157,0.0347231151447974));
#3007=CARTESIAN_POINT('',(0.0875000013038516,-0.0347228730218157,0.0347231151447974));
#3008=CARTESIAN_POINT('',(0.046428560624669,-0.0427228730218157,0.0347231151447974));
#3009=CARTESIAN_POINT('',(0.046428560624669,-0.0427228730218157,0.0347231151447974));
#3010=CARTESIAN_POINT('',(0.0361611161331593,-0.0427228730218157,0.0347231151447974));
#3011=CARTESIAN_POINT('Origin',(0.046428560624669,-0.0427228730218157,0.0327231151447974));
#3012=CARTESIAN_POINT('',(0.046428560624669,-0.0427228730218157,0.0307231151447974));
#3013=CARTESIAN_POINT('',(0.048428560624669,-0.0427228730218157,0.0327231151447974));
#3014=CARTESIAN_POINT('Origin',(0.046428560624669,-0.0427228730218157,0.0327231151447974));
#3015=CARTESIAN_POINT('Origin',(0.046428560624669,-0.0427228730218157,0.0327231151447974));
#3016=CARTESIAN_POINT('',(0.046428560624669,-0.0347228730218157,0.0307231151447974));
#3017=CARTESIAN_POINT('Origin',(0.046428560624669,-0.0347228730218157,0.0327231151447974));
#3018=CARTESIAN_POINT('',(0.046428560624669,-0.0427228730218157,0.0307231151447974));
#3019=CARTESIAN_POINT('Origin',(0.048428560624669,-0.0427228730218157,0.0307231151447974));
#3020=CARTESIAN_POINT('',(0.048428560624669,-0.0427228730218157,0.0347231151447974));
#3021=CARTESIAN_POINT('',(0.048428560624669,-0.0427228730218157,0.0153615575723987));
#3022=CARTESIAN_POINT('',(0.048428560624669,-0.0427228730218157,0.0306072036651007));
#3023=CARTESIAN_POINT('',(0.048428560624669,-0.0427228730218157,0.0163325797024745));
#3024=CARTESIAN_POINT('',(0.048428560624669,-0.0427234637702841,0.0306072036651007));
#3025=CARTESIAN_POINT('',(0.048428560624669,-0.0427234637702841,0.0306072036651007));
#3026=CARTESIAN_POINT('',(0.048428560624669,-0.0427234637702841,0.0347231151447974));
#3027=CARTESIAN_POINT('',(0.048428560624669,-0.0427234637702841,0.0347231151447974));
#3028=CARTESIAN_POINT('',(0.048428560624669,-0.0347228730218157,0.0347231151447974));
#3029=CARTESIAN_POINT('Origin',(0.0400714406717321,-0.0387228730218157,
0.0327231151447974));
#3030=CARTESIAN_POINT('',(0.0400714406717321,-0.0427228730218157,0.0307231151447974));
#3031=CARTESIAN_POINT('Origin',(0.0400714406717321,-0.0427228730218157,
0.0327231151447974));
#3032=CARTESIAN_POINT('',(0.0400714406717321,-0.0347228730218157,0.0307231151447974));
#3033=CARTESIAN_POINT('',(0.0400714406717321,-0.0387228730218157,0.0307231151447974));
#3034=CARTESIAN_POINT('Origin',(0.0400714406717321,-0.0347228730218157,
0.0327231151447974));
#3035=CARTESIAN_POINT('Origin',(0.0520000007748604,-0.0427228730218157,
0.0307231151447974));
#3036=CARTESIAN_POINT('',(0.0394997263574406,-0.0347228730218157,0.0307231151447974));
#3037=CARTESIAN_POINT('',(0.0394997263574406,-0.0427228730218157,0.0307231151447974));
#3038=CARTESIAN_POINT('Origin',(0.0203222314914582,-0.0427228730218157,
0.));
#3039=CARTESIAN_POINT('',(0.103999997574836,-0.0427228730218157,0.0285));
#3040=CARTESIAN_POINT('',(0.115,-0.0427228730218157,0.0285));
#3041=CARTESIAN_POINT('',(0.0644111145331471,-0.0427228730218157,0.0285));
#3042=CARTESIAN_POINT('',(0.115,-0.0427228730218157,0.036));
#3043=CARTESIAN_POINT('',(0.115,-0.0427228730218157,0.));
#3044=CARTESIAN_POINT('',(0.0203222314914582,-0.0427228730218157,0.036));
#3045=CARTESIAN_POINT('',(0.0203222314914582,-0.0427228730218157,0.036));
#3046=CARTESIAN_POINT('',(0.0203222314914582,-0.0427228730218157,0.0285));
#3047=CARTESIAN_POINT('',(0.0203222314914582,-0.0427228730218157,0.));
#3048=CARTESIAN_POINT('',(0.0304999994188546,-0.0427228730218157,0.0285));
#3049=CARTESIAN_POINT('',(0.0231611154551565,-0.0427228730218157,0.0285));
#3050=CARTESIAN_POINT('',(0.0304999994188546,-0.0427228730218157,0.003));
#3051=CARTESIAN_POINT('',(0.0304999994188546,-0.0427228730218157,0.015));
#3052=CARTESIAN_POINT('',(0.103999997574836,-0.0427228730218157,0.003));
#3053=CARTESIAN_POINT('',(0.0439916740768044,-0.0427228730218157,0.003));
#3054=CARTESIAN_POINT('',(0.103999997574836,-0.0427228730218157,0.011));
#3055=CARTESIAN_POINT('',(0.050428560624669,-0.0427228730218157,0.0347231151447974));
#3056=CARTESIAN_POINT('',(0.0343753960580636,-0.0427228730218157,0.0347231151447974));
#3057=CARTESIAN_POINT('',(0.050428560624669,-0.0427228730218157,0.0306072036651007));
#3058=CARTESIAN_POINT('',(0.050428560624669,-0.0427228730218157,0.0163325797024745));
#3059=CARTESIAN_POINT('',(0.0343753960580636,-0.0427228730218157,0.0306072036651007));
#3060=CARTESIAN_POINT('Origin',(0.048428560624669,-0.0427234637702841,0.0347231151447974));
#3061=CARTESIAN_POINT('',(0.050428560624669,-0.0427234637702841,0.0306072036651007));
#3062=CARTESIAN_POINT('',(0.048428560624669,-0.0427234637702841,0.0306072036651007));
#3063=CARTESIAN_POINT('',(0.050428560624669,-0.0427234637702841,0.0347231151447974));
#3064=CARTESIAN_POINT('',(0.050428560624669,-0.0427234637702841,0.0347231151447974));
#3065=CARTESIAN_POINT('',(0.048428560624669,-0.0427234637702841,0.0347231151447974));
#3066=CARTESIAN_POINT('Origin',(0.048428560624669,-0.0427228730218157,0.0347231151447974));
#3067=CARTESIAN_POINT('',(0.050428560624669,-0.0347228730218157,0.0347231151447974));
#3068=CARTESIAN_POINT('Origin',(0.048428560624669,-0.0427234637702841,0.0306072036651007));
#3069=CARTESIAN_POINT('',(0.050428560624669,-0.0427234637702841,0.0306072036651007));
#3070=CARTESIAN_POINT('Origin',(0.050428560624669,-0.0387231683960499,0.032665159404949));
#3071=CARTESIAN_POINT('Origin',(0.123000001832843,-0.0347228730218157,0.));
#3072=CARTESIAN_POINT('',(0.119000001832843,-0.0347228730218157,0.));
#3073=CARTESIAN_POINT('',(0.119000001832843,-0.0347228730218157,0.036));
#3074=CARTESIAN_POINT('',(0.119000001832843,-0.0347228730218157,0.));
#3075=CARTESIAN_POINT('',(0.0163222314914583,-0.0347228730218157,0.));
#3076=CARTESIAN_POINT('',(0.0123222314914582,-0.0347228730218157,0.));
#3077=CARTESIAN_POINT('',(0.0163222314914583,-0.0347228730218157,0.036));
#3078=CARTESIAN_POINT('',(0.0163222314914583,-0.0347228730218157,0.));
#3079=CARTESIAN_POINT('',(0.0123222314914582,-0.0347228730218157,0.036));
#3080=CARTESIAN_POINT('Origin',(0.0259999994188547,-0.0924999979324639,
0.0285));
#3081=CARTESIAN_POINT('',(0.0304999994188546,-0.090999997932464,0.0285));
#3082=CARTESIAN_POINT('',(0.0274999994188546,-0.087999997932464,0.0285));
#3083=CARTESIAN_POINT('Origin',(0.0274999994188546,-0.090999997932464,0.0285));
#3084=CARTESIAN_POINT('',(0.0203222314914582,-0.087999997932464,0.0285));
#3085=CARTESIAN_POINT('',(0.0282499994188547,-0.087999997932464,0.0285));
#3086=CARTESIAN_POINT('',(0.0203222314914582,-0.1,0.0285));
#3087=CARTESIAN_POINT('',(0.0203222314914582,-0.0962499989662319,0.0285));
#3088=CARTESIAN_POINT('',(0.0304999994188546,-0.1,0.0285));
#3089=CARTESIAN_POINT('',(0.0704999997094274,-0.1,0.0285));
#3090=CARTESIAN_POINT('',(0.0304999994188546,-0.0947499979324638,0.0285));
#3091=CARTESIAN_POINT('',(0.0282999994188547,-0.0924999979324639,0.0285));
#3092=CARTESIAN_POINT('Origin',(0.0259999994188547,-0.0924999979324639,
0.0285));
#3093=CARTESIAN_POINT('Origin',(0.115,-0.1,0.));
#3094=CARTESIAN_POINT('',(0.0304999994188546,-0.1,0.003));
#3095=CARTESIAN_POINT('',(0.0304999994188546,-0.1,0.011));
#3096=CARTESIAN_POINT('',(0.0203222314914582,-0.1,0.036));
#3097=CARTESIAN_POINT('',(0.0203222314914582,-0.1,0.));
#3098=CARTESIAN_POINT('',(0.09659999781847,-0.1,0.036));
#3099=CARTESIAN_POINT('',(0.115,-0.1,0.036));
#3100=CARTESIAN_POINT('',(0.09659999781847,-0.1,0.033));
#3101=CARTESIAN_POINT('',(0.09659999781847,-0.1,0.033));
#3102=CARTESIAN_POINT('',(0.0966460593319356,-0.1,0.0329989386052092));
#3103=CARTESIAN_POINT('Origin',(0.09659999781847,-0.1,0.032));
#3104=CARTESIAN_POINT('',(0.0966460593319356,-0.1,0.004));
#3105=CARTESIAN_POINT('',(0.0966460593319356,-0.1,0.0165));
#3106=CARTESIAN_POINT('',(0.0969213449034336,-0.1,0.003));
#3107=CARTESIAN_POINT('Origin',(0.09859999781847,-0.1,0.004));
#3108=CARTESIAN_POINT('',(0.0913305583310753,-0.1,0.003));
#3109=CARTESIAN_POINT('Origin',(0.108499997574836,-0.0484999989159405,0.0285));
#3110=CARTESIAN_POINT('',(0.103999997574836,-0.0499999989159405,0.0285));
#3111=CARTESIAN_POINT('',(0.106999997574836,-0.0529999989159405,0.0285));
#3112=CARTESIAN_POINT('Origin',(0.106999997574836,-0.0499999989159405,0.0285));
#3113=CARTESIAN_POINT('',(0.115,-0.0529999989159405,0.0285));
#3114=CARTESIAN_POINT('',(0.106249997574836,-0.0529999989159405,0.0285));
#3115=CARTESIAN_POINT('',(0.115,-0.0456114359688781,0.0285));
#3116=CARTESIAN_POINT('',(0.103999997574836,-0.0462499989159405,0.0285));
#3117=CARTESIAN_POINT('',(0.110799997574836,-0.0484999989159405,0.0285));
#3118=CARTESIAN_POINT('Origin',(0.108499997574836,-0.0484999989159405,0.0285));
#3119=CARTESIAN_POINT('Origin',(0.0259999994188547,-0.0484999989159405,
0.0285));
#3120=CARTESIAN_POINT('',(0.0274999994188546,-0.0529999989159404,0.0285));
#3121=CARTESIAN_POINT('',(0.0304999994188546,-0.0499999989159404,0.0285));
#3122=CARTESIAN_POINT('Origin',(0.0274999994188546,-0.0499999989159404,
0.0285));
#3123=CARTESIAN_POINT('',(0.0304999994188546,-0.0507499989159405,0.0285));
#3124=CARTESIAN_POINT('',(0.0203222314914582,-0.0529999989159404,0.0285));
#3125=CARTESIAN_POINT('',(0.0203222314914582,-0.0742499994579703,0.0285));
#3126=CARTESIAN_POINT('',(0.0237499994188548,-0.0529999989159404,0.0285));
#3127=CARTESIAN_POINT('',(0.0282999994188547,-0.0484999989159405,0.0285));
#3128=CARTESIAN_POINT('Origin',(0.0259999994188547,-0.0484999989159405,
0.0285));
#3129=CARTESIAN_POINT('Origin',(0.0203222314914582,-0.1,0.));
#3130=CARTESIAN_POINT('',(0.0203222314914582,-0.087999997932464,0.003));
#3131=CARTESIAN_POINT('',(0.0203222314914582,-0.087999997932464,0.015));
#3132=CARTESIAN_POINT('',(0.0203222314914582,-0.0529999989159404,0.003));
#3133=CARTESIAN_POINT('',(0.0203222314914582,-0.0856807186577853,0.003));
#3134=CARTESIAN_POINT('',(0.0203222314914582,-0.0529999989159404,0.011));
#3135=CARTESIAN_POINT('',(0.0203222314914582,-0.1,0.036));
#3136=CARTESIAN_POINT('Origin',(0.108499997574836,-0.0924999979324639,0.0285));
#3137=CARTESIAN_POINT('',(0.106999997574836,-0.0879999979324639,0.0285));
#3138=CARTESIAN_POINT('',(0.103999997574836,-0.0909999979324639,0.0285));
#3139=CARTESIAN_POINT('Origin',(0.106999997574836,-0.0909999979324639,0.0285));
#3140=CARTESIAN_POINT('',(0.103999997574836,-0.1,0.0285));
#3141=CARTESIAN_POINT('',(0.103999997574836,-0.0902499979324639,0.0285));
#3142=CARTESIAN_POINT('',(0.115,-0.1,0.0285));
#3143=CARTESIAN_POINT('',(0.111749998787418,-0.1,0.0285));
#3144=CARTESIAN_POINT('',(0.115,-0.0879999979324639,0.0285));
#3145=CARTESIAN_POINT('',(0.115,-0.0676114354771398,0.0285));
#3146=CARTESIAN_POINT('',(0.110749997574836,-0.0879999979324639,0.0285));
#3147=CARTESIAN_POINT('',(0.110799997574836,-0.0924999979324639,0.0285));
#3148=CARTESIAN_POINT('Origin',(0.108499997574836,-0.0924999979324639,0.0285));
#3149=CARTESIAN_POINT('Origin',(0.115,-0.1,0.));
#3150=CARTESIAN_POINT('',(0.103999997574836,-0.1,0.003));
#3151=CARTESIAN_POINT('',(0.103999997574836,-0.1,0.015));
#3152=CARTESIAN_POINT('',(0.103660935093591,-0.1,0.003));
#3153=CARTESIAN_POINT('',(0.0913305583310753,-0.1,0.003));
#3154=CARTESIAN_POINT('',(0.103660935093591,-0.1,0.036));
#3155=CARTESIAN_POINT('',(0.103660935093591,-0.1,0.));
#3156=CARTESIAN_POINT('',(0.115,-0.1,0.036));
#3157=CARTESIAN_POINT('',(0.115,-0.1,0.036));
#3158=CARTESIAN_POINT('',(0.115,-0.1,0.));
#3159=CARTESIAN_POINT('Origin',(0.09659999781847,-0.101699997726828,0.033));
#3160=CARTESIAN_POINT('',(0.09659999781847,-0.101699997726828,0.033));
#3161=CARTESIAN_POINT('',(0.09659999781847,-0.0865307175211992,0.033));
#3162=CARTESIAN_POINT('',(0.09659999781847,-0.101699997726828,0.036));
#3163=CARTESIAN_POINT('',(0.09659999781847,-0.0865307175211992,0.036));
#3164=CARTESIAN_POINT('',(0.09659999781847,-0.101699997726828,0.033));
#3165=CARTESIAN_POINT('Origin',(0.0676611166621505,-0.0713614373155705,
0.036));
#3166=CARTESIAN_POINT('',(0.0123222314914582,-0.104000001609325,0.036));
#3167=CARTESIAN_POINT('',(0.0163222314914582,-0.108000001609325,0.036));
#3168=CARTESIAN_POINT('Origin',(0.0163222314914582,-0.104000001609325,0.036));
#3169=CARTESIAN_POINT('',(0.119000001832843,-0.108000001609325,0.036));
#3170=CARTESIAN_POINT('',(0.123000001832843,-0.108000001609325,0.036));
#3171=CARTESIAN_POINT('',(0.123000001832843,-0.104000001609325,0.036));
#3172=CARTESIAN_POINT('Origin',(0.119000001832843,-0.104000001609325,0.036));
#3173=CARTESIAN_POINT('',(0.123000001832843,-0.0387228730218157,0.036));
#3174=CARTESIAN_POINT('',(0.123000001832843,-0.0347228730218157,0.036));
#3175=CARTESIAN_POINT('Origin',(0.119000001832843,-0.0387228730218157,0.036));
#3176=CARTESIAN_POINT('',(0.0123222314914582,-0.0387228730218157,0.036));
#3177=CARTESIAN_POINT('Origin',(0.0163222314914583,-0.0387228730218157,
0.036));
#3178=CARTESIAN_POINT('',(0.0123222314914582,-0.108000001609325,0.036));
#3179=CARTESIAN_POINT('',(0.0193080137577962,-0.0398043711182154,0.036));
#3180=CARTESIAN_POINT('Origin',(0.0177080137577962,-0.0398043711182154,
0.036));
#3181=CARTESIAN_POINT('',(0.019464894140678,-0.10268311049163,0.036));
#3182=CARTESIAN_POINT('Origin',(0.017864894140678,-0.10268311049163,0.036));
#3183=CARTESIAN_POINT('',(0.120100001765788,-0.0400000005960464,0.036));
#3184=CARTESIAN_POINT('Origin',(0.118500001765788,-0.0400000005960464,0.036));
#3185=CARTESIAN_POINT('',(0.120247123259813,-0.102698133112858,0.036));
#3186=CARTESIAN_POINT('Origin',(0.118647123259813,-0.102698133112858,0.036));
#3187=CARTESIAN_POINT('',(0.102660935093591,-0.101,0.036));
#3188=CARTESIAN_POINT('Origin',(0.103660935093591,-0.101,0.036));
#3189=CARTESIAN_POINT('',(0.102660935093591,-0.106246872625197,0.036));
#3190=CARTESIAN_POINT('',(0.102660935093591,-0.0888041549703839,0.036));
#3191=CARTESIAN_POINT('',(0.0284999992512166,-0.106246872625197,0.036));
#3192=CARTESIAN_POINT('',(0.0505805579566836,-0.106246872625197,0.036));
#3193=CARTESIAN_POINT('',(0.0284999992512166,-0.101699997726828,0.036));
#3194=CARTESIAN_POINT('',(0.0284999992512166,-0.0865307175211992,0.036));
#3195=CARTESIAN_POINT('',(0.0505805579566836,-0.101699997726828,0.036));
#3196=CARTESIAN_POINT('',(0.115,-0.0427228730218157,0.036));
#3197=CARTESIAN_POINT('Origin',(0.0304999994188546,-0.087999997932464,0.003));
#3198=CARTESIAN_POINT('',(0.0274999994188546,-0.087999997932464,0.003));
#3199=CARTESIAN_POINT('',(0.0274999994188546,-0.087999997932464,0.003));
#3200=CARTESIAN_POINT('',(0.0445805580405027,-0.087999997932464,0.003));
#3201=CARTESIAN_POINT('Origin',(0.0274999994188546,-0.090999997932464,0.003));
#3202=CARTESIAN_POINT('',(0.0304999994188546,-0.090999997932464,0.003));
#3203=CARTESIAN_POINT('',(0.0304999994188546,-0.090999997932464,0.003));
#3204=CARTESIAN_POINT('Origin',(0.0274999994188546,-0.090999997932464,0.003));
#3205=CARTESIAN_POINT('Origin',(0.103999997574836,-0.0879999979324639,0.003));
#3206=CARTESIAN_POINT('',(0.103999997574836,-0.0909999979324639,0.003));
#3207=CARTESIAN_POINT('',(0.103999997574836,-0.0909999979324639,0.003));
#3208=CARTESIAN_POINT('',(0.103999997574836,-0.0841807176240172,0.003));
#3209=CARTESIAN_POINT('Origin',(0.106999997574836,-0.0909999979324639,0.003));
#3210=CARTESIAN_POINT('',(0.106999997574836,-0.0879999979324639,0.003));
#3211=CARTESIAN_POINT('',(0.106999997574836,-0.0879999979324639,0.003));
#3212=CARTESIAN_POINT('Origin',(0.106999997574836,-0.0909999979324639,0.003));
#3213=CARTESIAN_POINT('Origin',(0.103999997574836,-0.0529999989159405,0.003));
#3214=CARTESIAN_POINT('',(0.106999997574836,-0.0529999989159405,0.003));
#3215=CARTESIAN_POINT('',(0.106999997574836,-0.0529999989159405,0.003));
#3216=CARTESIAN_POINT('',(0.115,-0.0529999989159405,0.003));
#3217=CARTESIAN_POINT('',(0.0903305571184932,-0.0529999989159405,0.003));
#3218=CARTESIAN_POINT('',(0.115,-0.0529999989159405,0.015));
#3219=CARTESIAN_POINT('Origin',(0.106999997574836,-0.0499999989159405,0.003));
#3220=CARTESIAN_POINT('',(0.103999997574836,-0.0499999989159405,0.003));
#3221=CARTESIAN_POINT('',(0.103999997574836,-0.0499999989159405,0.003));
#3222=CARTESIAN_POINT('Origin',(0.106999997574836,-0.0499999989159405,0.003));
#3223=CARTESIAN_POINT('Origin',(0.0304999994188546,-0.0529999989159404,
0.003));
#3224=CARTESIAN_POINT('',(0.0304999994188546,-0.0499999989159404,0.003));
#3225=CARTESIAN_POINT('',(0.0304999994188546,-0.0499999989159404,0.003));
#3226=CARTESIAN_POINT('',(0.0304999994188546,-0.0621807181157555,0.003));
#3227=CARTESIAN_POINT('Origin',(0.0274999994188546,-0.0499999989159404,
0.003));
#3228=CARTESIAN_POINT('',(0.0274999994188546,-0.0529999989159404,0.003));
#3229=CARTESIAN_POINT('',(0.0274999994188546,-0.0529999989159404,0.003));
#3230=CARTESIAN_POINT('Origin',(0.0274999994188546,-0.0499999989159404,
0.003));
#3231=CARTESIAN_POINT('Origin',(0.123000001832843,-0.062000000923872,0.016076310704031));
#3232=CARTESIAN_POINT('',(0.115,-0.062000000923872,0.025000000372529));
#3233=CARTESIAN_POINT('',(0.115,-0.062000000923872,0.016076310704031));
#3234=CARTESIAN_POINT('',(0.115,-0.062000000923872,0.00803815535201552));
#3235=CARTESIAN_POINT('',(0.123000001832843,-0.062000000923872,0.025000000372529));
#3236=CARTESIAN_POINT('',(0.123000001832843,-0.062000000923872,0.025000000372529));
#3237=CARTESIAN_POINT('',(0.123000001832843,-0.062000000923872,0.016076310704031));
#3238=CARTESIAN_POINT('',(0.123000001832843,-0.062000000923872,0.00803815535201552));
#3239=CARTESIAN_POINT('',(0.123000001832843,-0.062000000923872,0.016076310704031));
#3240=CARTESIAN_POINT('Origin',(0.123000001832843,-0.0610000009089708,0.016076310704031));
#3241=CARTESIAN_POINT('',(0.115,-0.0610000009089708,0.016076310704031));
#3242=CARTESIAN_POINT('',(0.115,-0.0518614369653933,0.016076310704031));
#3243=CARTESIAN_POINT('',(0.123000001832843,-0.0610000009089708,0.016076310704031));
#3244=CARTESIAN_POINT('',(0.123000001832843,-0.0845000012591481,0.016076310704031));
#3245=CARTESIAN_POINT('',(0.123000001832843,-0.0610000009089708,0.016076310704031));
#3246=CARTESIAN_POINT('Origin',(0.123000001832843,-0.0610000009089708,0.025000000372529));
#3247=CARTESIAN_POINT('',(0.115,-0.0610000009089708,0.025000000372529));
#3248=CARTESIAN_POINT('',(0.115,-0.0610000009089708,0.0125000001862645));
#3249=CARTESIAN_POINT('',(0.123000001832843,-0.0610000009089708,0.025000000372529));
#3250=CARTESIAN_POINT('',(0.123000001832843,-0.0610000009089708,0.0125000001862645));
#3251=CARTESIAN_POINT('',(0.123000001832843,-0.0610000009089708,0.025000000372529));
#3252=CARTESIAN_POINT('Origin',(0.123000001832843,-0.062000000923872,0.025000000372529));
#3253=CARTESIAN_POINT('',(0.115,-0.0523614369728438,0.025000000372529));
#3254=CARTESIAN_POINT('',(0.123000001832843,-0.0850000012665987,0.025000000372529));
#3255=CARTESIAN_POINT('Origin',(0.123000001832843,-0.0590000008791685,0.0159905372425775));
#3256=CARTESIAN_POINT('',(0.115,-0.0600000008940697,0.0159905372425775));
#3257=CARTESIAN_POINT('',(0.115,-0.0590000008791685,0.0159905372425775));
#3258=CARTESIAN_POINT('',(0.115,-0.0508614369504921,0.0159905372425775));
#3259=CARTESIAN_POINT('',(0.123000001832843,-0.0600000008940697,0.0159905372425775));
#3260=CARTESIAN_POINT('',(0.123000001832843,-0.0600000008940697,0.0159905372425775));
#3261=CARTESIAN_POINT('',(0.123000001832843,-0.0590000008791685,0.0159905372425775));
#3262=CARTESIAN_POINT('',(0.123000001832843,-0.083500001244247,0.0159905372425775));
#3263=CARTESIAN_POINT('',(0.123000001832843,-0.0590000008791685,0.0159905372425775));
#3264=CARTESIAN_POINT('Origin',(0.123000001832843,-0.0590000008791685,0.025000000372529));
#3265=CARTESIAN_POINT('',(0.115,-0.0590000008791685,0.025000000372529));
#3266=CARTESIAN_POINT('',(0.115,-0.0590000008791685,0.0125000001862645));
#3267=CARTESIAN_POINT('',(0.123000001832843,-0.0590000008791685,0.025000000372529));
#3268=CARTESIAN_POINT('',(0.123000001832843,-0.0590000008791685,0.0125000001862645));
#3269=CARTESIAN_POINT('',(0.123000001832843,-0.0590000008791685,0.025000000372529));
#3270=CARTESIAN_POINT('Origin',(0.123000001832843,-0.0600000008940697,0.025000000372529));
#3271=CARTESIAN_POINT('',(0.115,-0.0600000008940697,0.025000000372529));
#3272=CARTESIAN_POINT('',(0.115,-0.0513614369579427,0.025000000372529));
#3273=CARTESIAN_POINT('',(0.123000001832843,-0.0600000008940697,0.025000000372529));
#3274=CARTESIAN_POINT('',(0.123000001832843,-0.0840000012516975,0.025000000372529));
#3275=CARTESIAN_POINT('',(0.123000001832843,-0.0600000008940697,0.025000000372529));
#3276=CARTESIAN_POINT('Origin',(0.123000001832843,-0.0600000008940697,0.0159905372425775));
#3277=CARTESIAN_POINT('',(0.115,-0.0600000008940697,0.00799526862128873));
#3278=CARTESIAN_POINT('',(0.123000001832843,-0.0600000008940697,0.00799526862128873));
#3279=CARTESIAN_POINT('Origin',(0.123000001832843,-0.0639302467542113,0.0160801184846738));
#3280=CARTESIAN_POINT('',(0.115,-0.0639302467542113,0.025000000372529));
#3281=CARTESIAN_POINT('',(0.115,-0.0639302467542113,0.0160801184846738));
#3282=CARTESIAN_POINT('',(0.115,-0.0639302467542113,0.00804005924233688));
#3283=CARTESIAN_POINT('',(0.123000001832843,-0.0639302467542113,0.025000000372529));
#3284=CARTESIAN_POINT('',(0.123000001832843,-0.0639302467542113,0.025000000372529));
#3285=CARTESIAN_POINT('',(0.123000001832843,-0.0639302467542113,0.0160801184846738));
#3286=CARTESIAN_POINT('',(0.123000001832843,-0.0639302467542113,0.00804005924233688));
#3287=CARTESIAN_POINT('',(0.123000001832843,-0.0639302467542113,0.0160801184846738));
#3288=CARTESIAN_POINT('Origin',(0.123000001832843,-0.0630000009387732,0.0160801184846738));
#3289=CARTESIAN_POINT('',(0.115,-0.0630000009387732,0.0160801184846738));
#3290=CARTESIAN_POINT('',(0.115,-0.0528614369802944,0.0160801184846738));
#3291=CARTESIAN_POINT('',(0.123000001832843,-0.0630000009387732,0.0160801184846738));
#3292=CARTESIAN_POINT('',(0.123000001832843,-0.0855000012740493,0.0160801184846738));
#3293=CARTESIAN_POINT('',(0.123000001832843,-0.0630000009387732,0.0160801184846738));
#3294=CARTESIAN_POINT('Origin',(0.123000001832843,-0.0630000009387732,0.025000000372529));
#3295=CARTESIAN_POINT('',(0.115,-0.0630000009387732,0.025000000372529));
#3296=CARTESIAN_POINT('',(0.115,-0.0630000009387732,0.0125000001862645));
#3297=CARTESIAN_POINT('',(0.123000001832843,-0.0630000009387732,0.025000000372529));
#3298=CARTESIAN_POINT('',(0.123000001832843,-0.0630000009387732,0.0125000001862645));
#3299=CARTESIAN_POINT('',(0.123000001832843,-0.0630000009387732,0.025000000372529));
#3300=CARTESIAN_POINT('Origin',(0.123000001832843,-0.0639302467542113,0.025000000372529));
#3301=CARTESIAN_POINT('',(0.115,-0.0533265598880135,0.025000000372529));
#3302=CARTESIAN_POINT('',(0.123000001832843,-0.0859651241817683,0.025000000372529));
#3303=CARTESIAN_POINT('Origin',(0.123000001832843,-0.0570000008493662,0.0159476505118507));
#3304=CARTESIAN_POINT('',(0.115,-0.0580000008642673,0.0159476505118507));
#3305=CARTESIAN_POINT('',(0.115,-0.0570000008493662,0.0159476505118507));
#3306=CARTESIAN_POINT('',(0.115,-0.0498614369355909,0.0159476505118507));
#3307=CARTESIAN_POINT('',(0.123000001832843,-0.0580000008642673,0.0159476505118507));
#3308=CARTESIAN_POINT('',(0.123000001832843,-0.0580000008642673,0.0159476505118507));
#3309=CARTESIAN_POINT('',(0.123000001832843,-0.0570000008493662,0.0159476505118507));
#3310=CARTESIAN_POINT('',(0.123000001832843,-0.0825000012293458,0.0159476505118507));
#3311=CARTESIAN_POINT('',(0.123000001832843,-0.0570000008493662,0.0159476505118507));
#3312=CARTESIAN_POINT('Origin',(0.123000001832843,-0.0570000008493662,0.025000000372529));
#3313=CARTESIAN_POINT('',(0.115,-0.0570000008493662,0.025000000372529));
#3314=CARTESIAN_POINT('',(0.115,-0.0570000008493662,0.0125000001862645));
#3315=CARTESIAN_POINT('',(0.123000001832843,-0.0570000008493662,0.025000000372529));
#3316=CARTESIAN_POINT('',(0.123000001832843,-0.0570000008493662,0.0125000001862645));
#3317=CARTESIAN_POINT('',(0.123000001832843,-0.0570000008493662,0.025000000372529));
#3318=CARTESIAN_POINT('Origin',(0.123000001832843,-0.0580000008642673,0.025000000372529));
#3319=CARTESIAN_POINT('',(0.115,-0.0580000008642673,0.025000000372529));
#3320=CARTESIAN_POINT('',(0.115,-0.0503614369430415,0.025000000372529));
#3321=CARTESIAN_POINT('',(0.123000001832843,-0.0580000008642673,0.025000000372529));
#3322=CARTESIAN_POINT('',(0.123000001832843,-0.0830000012367964,0.025000000372529));
#3323=CARTESIAN_POINT('',(0.123000001832843,-0.0580000008642673,0.025000000372529));
#3324=CARTESIAN_POINT('Origin',(0.123000001832843,-0.0580000008642673,0.0159476505118507));
#3325=CARTESIAN_POINT('',(0.115,-0.0580000008642673,0.00797382525592534));
#3326=CARTESIAN_POINT('',(0.123000001832843,-0.0580000008642673,0.00797382525592534));
#3327=CARTESIAN_POINT('Origin',(0.0163222314914582,-0.104000001609325,0.));
#3328=CARTESIAN_POINT('',(0.0123222314914582,-0.104000001609325,0.));
#3329=CARTESIAN_POINT('',(0.0123222314914582,-0.104000001609325,0.));
#3330=CARTESIAN_POINT('',(0.0163222314914582,-0.108000001609325,0.));
#3331=CARTESIAN_POINT('Origin',(0.0163222314914582,-0.104000001609325,0.));
#3332=CARTESIAN_POINT('',(0.0163222314914582,-0.108000001609325,0.));
#3333=CARTESIAN_POINT('Origin',(0.0123222314914582,-0.0347228730218157,
0.));
#3334=CARTESIAN_POINT('',(0.0123222314914582,-0.0387228730218157,0.));
#3335=CARTESIAN_POINT('',(0.0123222314914582,-0.0387228730218157,0.));
#3336=CARTESIAN_POINT('',(0.0123222314914582,-0.108000001609325,0.));
#3337=CARTESIAN_POINT('Origin',(0.119000001832843,-0.104000001609325,0.));
#3338=CARTESIAN_POINT('',(0.119000001832843,-0.108000001609325,0.));
#3339=CARTESIAN_POINT('',(0.119000001832843,-0.108000001609325,0.));
#3340=CARTESIAN_POINT('',(0.123000001832843,-0.104000001609325,0.));
#3341=CARTESIAN_POINT('Origin',(0.119000001832843,-0.104000001609325,0.));
#3342=CARTESIAN_POINT('',(0.123000001832843,-0.104000001609325,0.));
#3343=CARTESIAN_POINT('Origin',(0.123000001832843,-0.108000001609325,0.));
#3344=CARTESIAN_POINT('',(0.123000001832843,-0.0387228730218157,0.));
#3345=CARTESIAN_POINT('',(0.123000001832843,-0.0347228730218157,0.));
#3346=CARTESIAN_POINT('',(0.123000001832843,-0.0387228730218157,0.));
#3347=CARTESIAN_POINT('Origin',(0.119000001832843,-0.0387228730218157,0.));
#3348=CARTESIAN_POINT('Origin',(0.119000001832843,-0.0387228730218157,0.));
#3349=CARTESIAN_POINT('Origin',(0.0163222314914583,-0.0387228730218157,
0.));
#3350=CARTESIAN_POINT('Origin',(0.0163222314914583,-0.0387228730218157,
0.));
#3351=CARTESIAN_POINT('Origin',(0.0676611166621505,-0.0713614373155705,
0.));
#3352=CARTESIAN_POINT('',(0.123000001832843,-0.108000001609325,0.));
#3353=CARTESIAN_POINT('Origin',(0.0177080137577962,-0.0398043711182154,
0.036));
#3354=CARTESIAN_POINT('',(0.0193080137577962,-0.0398043711182154,0.008));
#3355=CARTESIAN_POINT('',(0.0193080137577962,-0.0398043711182154,0.036));
#3356=CARTESIAN_POINT('Origin',(0.0177080137577962,-0.0398043711182154,
0.008));
#3357=CARTESIAN_POINT('Origin',(0.0177080137577962,-0.0398043711182154,
0.008));
#3358=CARTESIAN_POINT('Origin',(0.017864894140678,-0.10268311049163,0.036));
#3359=CARTESIAN_POINT('',(0.019464894140678,-0.10268311049163,0.008));
#3360=CARTESIAN_POINT('',(0.019464894140678,-0.10268311049163,0.036));
#3361=CARTESIAN_POINT('Origin',(0.017864894140678,-0.10268311049163,0.008));
#3362=CARTESIAN_POINT('Origin',(0.017864894140678,-0.10268311049163,0.008));
#3363=CARTESIAN_POINT('Origin',(0.118500001765788,-0.0400000005960464,0.036));
#3364=CARTESIAN_POINT('',(0.120100001765788,-0.0400000005960464,0.008));
#3365=CARTESIAN_POINT('',(0.120100001765788,-0.0400000005960464,0.036));
#3366=CARTESIAN_POINT('Origin',(0.118500001765788,-0.0400000005960464,0.008));
#3367=CARTESIAN_POINT('Origin',(0.118500001765788,-0.0400000005960464,0.008));
#3368=CARTESIAN_POINT('Origin',(0.118647123259813,-0.102698133112858,0.036));
#3369=CARTESIAN_POINT('',(0.120247123259813,-0.102698133112858,0.008));
#3370=CARTESIAN_POINT('',(0.120247123259813,-0.102698133112858,0.036));
#3371=CARTESIAN_POINT('Origin',(0.118647123259813,-0.102698133112858,0.008));
#3372=CARTESIAN_POINT('Origin',(0.118647123259813,-0.102698133112858,0.008));
#3373=CARTESIAN_POINT('Origin',(0.0361335596585342,-0.108000001609325,0.00829552422874807));
#3374=CARTESIAN_POINT('',(0.0360709678238709,-0.106246872625197,0.00829552422874807));
#3375=CARTESIAN_POINT('',(0.0361335596585342,-0.106246872625197,0.00829552422874807));
#3376=CARTESIAN_POINT('',(0.0348167794548754,-0.106246872625197,0.00829552422874807));
#3377=CARTESIAN_POINT('',(0.0360709678238709,-0.108000001609325,0.00829552422874807));
#3378=CARTESIAN_POINT('',(0.0360709678238709,-0.108000001609325,0.00829552422874807));
#3379=CARTESIAN_POINT('',(0.0361335596585342,-0.108000001609325,0.00829552422874807));
#3380=CARTESIAN_POINT('',(0.0242278955749962,-0.108000001609325,0.00829552422874807));
#3381=CARTESIAN_POINT('',(0.0361335596585342,-0.108000001609325,0.00829552422874807));
#3382=CARTESIAN_POINT('Origin',(0.0361335596585342,-0.108000001609325,0.00824265979251414));
#3383=CARTESIAN_POINT('',(0.0361335596585342,-0.106246872625197,0.00824265979251414));
#3384=CARTESIAN_POINT('',(0.0361335596585342,-0.106246872625197,0.00412132989625707));
#3385=CARTESIAN_POINT('',(0.0361335596585342,-0.108000001609325,0.00824265979251414));
#3386=CARTESIAN_POINT('',(0.0361335596585342,-0.108000001609325,0.00412132989625707));
#3387=CARTESIAN_POINT('',(0.0361335596585342,-0.108000001609325,0.00824265979251414));
#3388=CARTESIAN_POINT('Origin',(0.0986709183066348,-0.108000001609325,0.00824265979251414));
#3389=CARTESIAN_POINT('',(0.0986709183066348,-0.106246872625197,0.00824265979251414));
#3390=CARTESIAN_POINT('',(0.0660854587789257,-0.106246872625197,0.00824265979251414));
#3391=CARTESIAN_POINT('',(0.0986709183066348,-0.108000001609325,0.00824265979251414));
#3392=CARTESIAN_POINT('',(0.0554965748990465,-0.108000001609325,0.00824265979251414));
#3393=CARTESIAN_POINT('',(0.0986709183066348,-0.108000001609325,0.00824265979251414));
#3394=CARTESIAN_POINT('Origin',(0.0986709183066348,-0.108000001609325,0.0261823063943733));
#3395=CARTESIAN_POINT('',(0.0986709183066348,-0.106246872625197,0.0261823063943733));
#3396=CARTESIAN_POINT('',(0.0986709183066348,-0.106246872625197,0.0130911531971866));
#3397=CARTESIAN_POINT('',(0.0986709183066348,-0.108000001609325,0.0261823063943733));
#3398=CARTESIAN_POINT('',(0.0986709183066348,-0.108000001609325,0.0130911531971866));
#3399=CARTESIAN_POINT('',(0.0986709183066348,-0.108000001609325,0.0261823063943733));
#3400=CARTESIAN_POINT('Origin',(0.0986188977596376,-0.108000001609325,0.0261823063943733));
#3401=CARTESIAN_POINT('',(0.0986188977596376,-0.106246872625197,0.0261823063943733));
#3402=CARTESIAN_POINT('',(0.0660594485054272,-0.106246872625197,0.0261823063943733));
#3403=CARTESIAN_POINT('',(0.0986188977596376,-0.108000001609325,0.0261823063943733));
#3404=CARTESIAN_POINT('',(0.0554705646255479,-0.108000001609325,0.0261823063943733));
#3405=CARTESIAN_POINT('',(0.0986188977596376,-0.108000001609325,0.0261823063943733));
#3406=CARTESIAN_POINT('Origin',(0.0986188977596376,-0.108000001609325,0.026242519045027));
#3407=CARTESIAN_POINT('',(0.0986188977596376,-0.106246872625197,0.026242519045027));
#3408=CARTESIAN_POINT('',(0.0986188977596376,-0.106246872625197,0.0131212595225135));
#3409=CARTESIAN_POINT('',(0.0986188977596376,-0.108000001609325,0.026242519045027));
#3410=CARTESIAN_POINT('',(0.0986188977596376,-0.108000001609325,0.0131212595225135));
#3411=CARTESIAN_POINT('',(0.0986188977596376,-0.108000001609325,0.026242519045027));
#3412=CARTESIAN_POINT('Origin',(0.0360709678238709,-0.108000001609325,0.026242519045027));
#3413=CARTESIAN_POINT('',(0.0360709678238709,-0.106246872625197,0.026242519045027));
#3414=CARTESIAN_POINT('',(0.0347854835375438,-0.106246872625197,0.026242519045027));
#3415=CARTESIAN_POINT('',(0.0360709678238709,-0.108000001609325,0.026242519045027));
#3416=CARTESIAN_POINT('',(0.0241965996576646,-0.108000001609325,0.026242519045027));
#3417=CARTESIAN_POINT('',(0.0360709678238709,-0.108000001609325,0.026242519045027));
#3418=CARTESIAN_POINT('Origin',(0.0360709678238709,-0.108000001609325,0.00829552422874807));
#3419=CARTESIAN_POINT('',(0.0360709678238709,-0.106246872625197,0.00414776211437404));
#3420=CARTESIAN_POINT('',(0.0360709678238709,-0.108000001609325,0.00414776211437403));
#3421=CARTESIAN_POINT('Origin',(0.103660935093591,-0.101,0.));
#3422=CARTESIAN_POINT('',(0.102660935093591,-0.101,0.003));
#3423=CARTESIAN_POINT('Origin',(0.103660935093591,-0.101,0.003));
#3424=CARTESIAN_POINT('',(0.102660935093591,-0.101,0.));
#3425=CARTESIAN_POINT('Origin',(0.102660935093591,-0.106246872625197,0.));
#3426=CARTESIAN_POINT('',(0.102660935093591,-0.106246872625197,0.003));
#3427=CARTESIAN_POINT('',(0.102660935093591,-0.0908041549703839,0.003));
#3428=CARTESIAN_POINT('',(0.102660935093591,-0.106246872625197,0.));
#3429=CARTESIAN_POINT('Origin',(0.0966460593319356,-0.101,0.0165));
#3430=CARTESIAN_POINT('',(0.09759999781847,-0.100699997726828,0.032));
#3431=CARTESIAN_POINT('Ctrl Pts',(0.0966460593319356,-0.1,0.0329989386052092));
#3432=CARTESIAN_POINT('Ctrl Pts',(0.096714916905709,-0.1,0.0329957635511618));
#3433=CARTESIAN_POINT('Ctrl Pts',(0.096784417098958,-0.100007283525925,
0.0329852523307967));
#3434=CARTESIAN_POINT('Ctrl Pts',(0.096967359658342,-0.100045590643763,
0.0329378129526049));
#3435=CARTESIAN_POINT('Ctrl Pts',(0.0970749351367131,-0.100090986574805,
0.0328862373384978));
#3436=CARTESIAN_POINT('Ctrl Pts',(0.097307341488072,-0.10023083101133,0.0327284749798274));
#3437=CARTESIAN_POINT('Ctrl Pts',(0.0974157472312944,-0.100347899526369,
0.0325990600536172));
#3438=CARTESIAN_POINT('Ctrl Pts',(0.0975234227954432,-0.100515598235583,
0.0323915858699016));
#3439=CARTESIAN_POINT('Ctrl Pts',(0.0975500354791655,-0.100569621403743,
0.032321328769484));
#3440=CARTESIAN_POINT('Ctrl Pts',(0.097578346721645,-0.10063745108488,0.032210445076209));
#3441=CARTESIAN_POINT('Ctrl Pts',(0.0975858045399075,-0.100657726760695,
0.0321727464749832));
#3442=CARTESIAN_POINT('Ctrl Pts',(0.0975965815727696,-0.100688905829656,
0.0320920704461301));
#3443=CARTESIAN_POINT('Ctrl Pts',(0.09759999781847,-0.100699997726828,0.0320491789941342));
#3444=CARTESIAN_POINT('Ctrl Pts',(0.09759999781847,-0.100699997726828,0.032));
#3445=CARTESIAN_POINT('',(0.09759999781847,-0.100699997726828,0.004));
#3446=CARTESIAN_POINT('',(0.09759999781847,-0.100699997726828,0.0165));
#3447=CARTESIAN_POINT('Origin',(0.0966460593319356,-0.101,0.00399999999999995));
#3448=CARTESIAN_POINT('Origin',(0.09859999781847,-0.101,0.004));
#3449=CARTESIAN_POINT('',(0.09859999781847,-0.100699997726828,0.003));
#3450=CARTESIAN_POINT('Ctrl Pts',(0.0969213449034336,-0.1,0.003));
#3451=CARTESIAN_POINT('Ctrl Pts',(0.0971686635347737,-0.1,0.003));
#3452=CARTESIAN_POINT('Ctrl Pts',(0.0974534675751876,-0.100083465120568,
0.003));
#3453=CARTESIAN_POINT('Ctrl Pts',(0.0977974888802245,-0.100254901211059,
0.003));
#3454=CARTESIAN_POINT('Ctrl Pts',(0.0979373026841946,-0.100341504263254,
0.003));
#3455=CARTESIAN_POINT('Ctrl Pts',(0.0981340466536325,-0.100473779906555,
0.003));
#3456=CARTESIAN_POINT('Ctrl Pts',(0.0982318680659219,-0.100543334267315,
0.003));
#3457=CARTESIAN_POINT('Ctrl Pts',(0.0983492771991705,-0.100615676885636,
0.003));
#3458=CARTESIAN_POINT('Ctrl Pts',(0.0983887507678428,-0.10063822568342,
0.003));
#3459=CARTESIAN_POINT('Ctrl Pts',(0.0984754572027814,-0.100679264133405,
0.003));
#3460=CARTESIAN_POINT('Ctrl Pts',(0.0985419532546163,-0.100699997726828,
0.003));
#3461=CARTESIAN_POINT('Ctrl Pts',(0.09859999781847,-0.100699997726828,0.003));
#3462=CARTESIAN_POINT('Origin',(0.09859999781847,-0.100699997726828,0.004));
#3463=CARTESIAN_POINT('Origin',(0.09659999781847,-0.0865307175211992,0.032));
#3464=CARTESIAN_POINT('Origin',(0.09659999781847,-0.100699997726828,0.032));
#3465=CARTESIAN_POINT('Origin',(0.09659999781847,-0.100699997726828,0.0165));
#3466=CARTESIAN_POINT('',(0.09659999781847,-0.101699997726828,0.004));
#3467=CARTESIAN_POINT('',(0.09659999781847,-0.101699997726828,0.0165));
#3468=CARTESIAN_POINT('Origin',(0.09659999781847,-0.100699997726828,0.004));
#3469=CARTESIAN_POINT('Origin',(0.09859999781847,-0.100699997726828,0.004));
#3470=CARTESIAN_POINT('',(0.0968679470109011,-0.101699997726828,0.003));
#3471=CARTESIAN_POINT('Ctrl Pts',(0.09859999781847,-0.100699997726828,0.003));
#3472=CARTESIAN_POINT('Ctrl Pts',(0.0983228995963891,-0.100977095948909,
0.003));
#3473=CARTESIAN_POINT('Ctrl Pts',(0.097984774546266,-0.101303910443017,
0.003));
#3474=CARTESIAN_POINT('Ctrl Pts',(0.0974152673453191,-0.10161042572693,
0.003));
#3475=CARTESIAN_POINT('Ctrl Pts',(0.0971228244327767,-0.101699997726828,
0.003));
#3476=CARTESIAN_POINT('Ctrl Pts',(0.0968679470109011,-0.101699997726828,
0.003));
#3477=CARTESIAN_POINT('Origin',(0.09859999781847,-0.101699997726828,0.004));
#3478=CARTESIAN_POINT('Origin',(0.107660935093591,-0.101699997726828,0.));
#3479=CARTESIAN_POINT('',(0.0284999992512166,-0.101699997726828,0.003));
#3480=CARTESIAN_POINT('',(0.0284999992512166,-0.101699997726828,0.));
#3481=CARTESIAN_POINT('',(0.0856610254196598,-0.101699997726828,0.003));
#3482=CARTESIAN_POINT('Origin',(0.0676611166621505,-0.0713614373155705,
0.003));
#3483=CARTESIAN_POINT('',(0.0284999992512166,-0.106246872625197,0.003));
#3484=CARTESIAN_POINT('',(0.0284999992512166,-0.0885307175211992,0.003));
#3485=CARTESIAN_POINT('',(0.0485805574984729,-0.106246872625197,0.003));
#3486=CARTESIAN_POINT('',(0.115,-0.0879999979324639,0.003));
#3487=CARTESIAN_POINT('',(0.0903305571184933,-0.0879999979324639,0.003));
#3488=CARTESIAN_POINT('',(0.115,-0.0570421551686931,0.003));
#3489=CARTESIAN_POINT('',(0.103999997574836,-0.0576807181157555,0.003));
#3490=CARTESIAN_POINT('',(0.0445805580405027,-0.0529999989159404,0.003));
#3491=CARTESIAN_POINT('',(0.0304999994188546,-0.0841807176240172,0.003));
#3492=CARTESIAN_POINT('Origin',(0.115,-0.0427228730218157,0.));
#3493=CARTESIAN_POINT('',(0.115,-0.0879999979324639,0.011));
#3494=CARTESIAN_POINT('Origin',(0.0334999992512167,-0.106246872625197,0.));
#3495=CARTESIAN_POINT('',(0.0284999992512166,-0.106246872625197,0.033));
#3496=CARTESIAN_POINT('Origin',(0.0284999992512166,-0.101699997726828,0.));
#3497=CARTESIAN_POINT('Origin',(0.0259999994188547,-0.0924999979324639,
0.003));
#3498=CARTESIAN_POINT('',(0.0282999994188547,-0.0924999979324639,0.003));
#3499=CARTESIAN_POINT('',(0.0282999994188547,-0.0924999979324639,0.003));
#3500=CARTESIAN_POINT('Origin',(0.0259999994188547,-0.0924999979324639,
0.003));
#3501=CARTESIAN_POINT('Origin',(0.0304999994188546,-0.0969999979324638,
0.003));
#3502=CARTESIAN_POINT('Origin',(0.108499997574836,-0.0924999979324639,0.003));
#3503=CARTESIAN_POINT('',(0.110799997574836,-0.0924999979324639,0.003));
#3504=CARTESIAN_POINT('',(0.110799997574836,-0.0924999979324639,0.003));
#3505=CARTESIAN_POINT('Origin',(0.108499997574836,-0.0924999979324639,0.003));
#3506=CARTESIAN_POINT('Origin',(0.112999997574836,-0.0879999979324639,0.003));
#3507=CARTESIAN_POINT('Origin',(0.0676611166621505,-0.0713614373155705,
0.003));
#3508=CARTESIAN_POINT('Origin',(0.108499997574836,-0.0484999989159405,0.003));
#3509=CARTESIAN_POINT('',(0.110799997574836,-0.0484999989159405,0.003));
#3510=CARTESIAN_POINT('',(0.110799997574836,-0.0484999989159405,0.003));
#3511=CARTESIAN_POINT('Origin',(0.108499997574836,-0.0484999989159405,0.003));
#3512=CARTESIAN_POINT('Origin',(0.103999997574836,-0.0439999989159405,0.003));
#3513=CARTESIAN_POINT('Origin',(0.0676611166621505,-0.0713614373155705,
0.003));
#3514=CARTESIAN_POINT('Origin',(0.0259999994188547,-0.0484999989159405,
0.003));
#3515=CARTESIAN_POINT('',(0.0282999994188547,-0.0484999989159405,0.003));
#3516=CARTESIAN_POINT('',(0.0282999994188547,-0.0484999989159405,0.003));
#3517=CARTESIAN_POINT('Origin',(0.0259999994188547,-0.0484999989159405,
0.003));
#3518=CARTESIAN_POINT('Origin',(0.0214999994188548,-0.0529999989159404,
0.003));
#3519=CARTESIAN_POINT('Origin',(0.0676611166621505,-0.0713614373155705,
0.003));
#3520=CARTESIAN_POINT('Origin',(0.0123222314914582,-0.108000001609325,0.));
#3521=CARTESIAN_POINT('Origin',(0.0676611166621505,-0.0713614373155705,
0.003));
#3522=CARTESIAN_POINT('Ctrl Pts',(0.121000001832843,-0.234000001609325,
0.003));
#3523=CARTESIAN_POINT('Ctrl Pts',(0.121000001832843,-0.236000001609325,
0.003));
#3524=CARTESIAN_POINT('Ctrl Pts',(0.119000001832843,-0.236000001609325,
0.003));
#3525=CARTESIAN_POINT('Ctrl Pts',(0.123000001832843,-0.234000001609325,
0.00300000000000001));
#3526=CARTESIAN_POINT('Ctrl Pts',(0.123000001832843,-0.238000001609325,
0.00300000000000001));
#3527=CARTESIAN_POINT('Ctrl Pts',(0.119000001832843,-0.238000001609325,
0.00300000000000001));
#3528=CARTESIAN_POINT('Ctrl Pts',(0.123000001832843,-0.234000001609325,
0.001));
#3529=CARTESIAN_POINT('Ctrl Pts',(0.123000001832843,-0.238000001609325,
0.001));
#3530=CARTESIAN_POINT('Ctrl Pts',(0.119000001832843,-0.238000001609325,
0.001));
#3531=CARTESIAN_POINT('',(0.123000001832843,-0.234000001609325,0.001));
#3532=CARTESIAN_POINT('',(0.121000001832843,-0.234000001609325,0.003));
#3533=CARTESIAN_POINT('Origin',(0.121000001832843,-0.234000001609325,0.001));
#3534=CARTESIAN_POINT('',(0.119000001832843,-0.236000001609325,0.003));
#3535=CARTESIAN_POINT('Origin',(0.119000001832843,-0.234000001609325,0.003));
#3536=CARTESIAN_POINT('',(0.119000001832843,-0.238000001609325,0.001));
#3537=CARTESIAN_POINT('Origin',(0.119000001832843,-0.236000001609325,0.001));
#3538=CARTESIAN_POINT('Origin',(0.119000001832843,-0.234000001609325,0.001));
#3539=CARTESIAN_POINT('Origin',(0.0399916740768044,-0.236000001609325,0.001));
#3540=CARTESIAN_POINT('',(0.0163222314914582,-0.236000001609325,0.003));
#3541=CARTESIAN_POINT('',(0.0163222314914582,-0.238000001609325,0.001));
#3542=CARTESIAN_POINT('Origin',(0.0163222314914582,-0.236000001609325,0.001));
#3543=CARTESIAN_POINT('',(0.0399916740768044,-0.238000001609325,0.001));
#3544=CARTESIAN_POINT('',(0.0399916740768044,-0.236000001609325,0.003));
#3545=CARTESIAN_POINT('Ctrl Pts',(0.0163222314914582,-0.236000001609325,
0.003));
#3546=CARTESIAN_POINT('Ctrl Pts',(0.0143222314914582,-0.236000001609325,
0.003));
#3547=CARTESIAN_POINT('Ctrl Pts',(0.0143222314914582,-0.234000001609325,
0.003));
#3548=CARTESIAN_POINT('Ctrl Pts',(0.0163222314914582,-0.238000001609325,
0.00300000000000001));
#3549=CARTESIAN_POINT('Ctrl Pts',(0.0123222314914582,-0.238000001609325,
0.00300000000000001));
#3550=CARTESIAN_POINT('Ctrl Pts',(0.0123222314914582,-0.234000001609325,
0.00300000000000001));
#3551=CARTESIAN_POINT('Ctrl Pts',(0.0163222314914582,-0.238000001609325,
0.001));
#3552=CARTESIAN_POINT('Ctrl Pts',(0.0123222314914582,-0.238000001609325,
0.001));
#3553=CARTESIAN_POINT('Ctrl Pts',(0.0123222314914582,-0.234000001609325,
0.001));
#3554=CARTESIAN_POINT('',(0.0143222314914582,-0.234000001609325,0.003));
#3555=CARTESIAN_POINT('',(0.0123222314914582,-0.234000001609325,0.001));
#3556=CARTESIAN_POINT('Origin',(0.0143222314914582,-0.234000001609325,0.001));
#3557=CARTESIAN_POINT('Origin',(0.0163222314914582,-0.234000001609325,0.001));
#3558=CARTESIAN_POINT('Origin',(0.0163222314914582,-0.234000001609325,0.003));
#3559=CARTESIAN_POINT('Origin',(0.0143222314914582,-0.183042155168693,0.001));
#3560=CARTESIAN_POINT('',(0.0143222314914582,-0.168722873021816,0.003));
#3561=CARTESIAN_POINT('',(0.0123222314914582,-0.168722873021816,0.001));
#3562=CARTESIAN_POINT('Origin',(0.0143222314914582,-0.168722873021816,0.001));
#3563=CARTESIAN_POINT('',(0.0123222314914582,-0.183042155168693,0.001));
#3564=CARTESIAN_POINT('',(0.0143222314914582,-0.183042155168693,0.003));
#3565=CARTESIAN_POINT('Ctrl Pts',(0.0143222314914582,-0.168722873021816,
0.003));
#3566=CARTESIAN_POINT('Ctrl Pts',(0.0143222314914582,-0.166722873021816,
0.003));
#3567=CARTESIAN_POINT('Ctrl Pts',(0.0163222314914582,-0.166722873021816,
0.003));
#3568=CARTESIAN_POINT('Ctrl Pts',(0.0123222314914582,-0.168722873021816,
0.00300000000000001));
#3569=CARTESIAN_POINT('Ctrl Pts',(0.0123222314914582,-0.164722873021816,
0.00300000000000001));
#3570=CARTESIAN_POINT('Ctrl Pts',(0.0163222314914582,-0.164722873021816,
0.00300000000000001));
#3571=CARTESIAN_POINT('Ctrl Pts',(0.0123222314914582,-0.168722873021816,
0.001));
#3572=CARTESIAN_POINT('Ctrl Pts',(0.0123222314914582,-0.164722873021816,
0.001));
#3573=CARTESIAN_POINT('Ctrl Pts',(0.0163222314914582,-0.164722873021816,
0.001));
#3574=CARTESIAN_POINT('',(0.0163222314914582,-0.166722873021816,0.003));
#3575=CARTESIAN_POINT('',(0.0163222314914582,-0.164722873021816,0.001));
#3576=CARTESIAN_POINT('Origin',(0.0163222314914582,-0.166722873021816,0.001));
#3577=CARTESIAN_POINT('Origin',(0.0163222314914582,-0.168722873021816,0.001));
#3578=CARTESIAN_POINT('Origin',(0.0163222314914582,-0.168722873021816,0.003));
#3579=CARTESIAN_POINT('Origin',(0.0953305592474967,-0.166722873021816,0.001));
#3580=CARTESIAN_POINT('',(0.119000001832843,-0.166722873021816,0.003));
#3581=CARTESIAN_POINT('',(0.119000001832843,-0.164722873021816,0.001));
#3582=CARTESIAN_POINT('Origin',(0.119000001832843,-0.166722873021816,0.001));
#3583=CARTESIAN_POINT('',(0.0953305592474967,-0.164722873021816,0.001));
#3584=CARTESIAN_POINT('',(0.0953305592474967,-0.166722873021816,0.003));
#3585=CARTESIAN_POINT('Ctrl Pts',(0.119000001832843,-0.166722873021816,
0.003));
#3586=CARTESIAN_POINT('Ctrl Pts',(0.121000001832843,-0.166722873021816,
0.003));
#3587=CARTESIAN_POINT('Ctrl Pts',(0.121000001832843,-0.168722873021816,
0.003));
#3588=CARTESIAN_POINT('Ctrl Pts',(0.119000001832843,-0.164722873021816,
0.00300000000000001));
#3589=CARTESIAN_POINT('Ctrl Pts',(0.123000001832843,-0.164722873021816,
0.00300000000000001));
#3590=CARTESIAN_POINT('Ctrl Pts',(0.123000001832843,-0.168722873021816,
0.00300000000000001));
#3591=CARTESIAN_POINT('Ctrl Pts',(0.119000001832843,-0.164722873021816,
0.001));
#3592=CARTESIAN_POINT('Ctrl Pts',(0.123000001832843,-0.164722873021816,
0.001));
#3593=CARTESIAN_POINT('Ctrl Pts',(0.123000001832843,-0.168722873021816,
0.001));
#3594=CARTESIAN_POINT('',(0.121000001832843,-0.168722873021816,0.003));
#3595=CARTESIAN_POINT('',(0.123000001832843,-0.168722873021816,0.001));
#3596=CARTESIAN_POINT('Origin',(0.121000001832843,-0.168722873021816,0.001));
#3597=CARTESIAN_POINT('Origin',(0.119000001832843,-0.168722873021816,0.001));
#3598=CARTESIAN_POINT('Origin',(0.119000001832843,-0.168722873021816,0.003));
#3599=CARTESIAN_POINT('Origin',(0.121000001832843,-0.219680719462448,0.001));
#3600=CARTESIAN_POINT('',(0.121000001832843,-0.219680719462448,0.003));
#3601=CARTESIAN_POINT('',(0.123000001832843,-0.219680719462448,0.001));
#3602=CARTESIAN_POINT('Origin',(0.123000001832843,-0.164722873021816,0.));
#3603=CARTESIAN_POINT('',(0.119000001832843,-0.164722873021816,0.));
#3604=CARTESIAN_POINT('',(0.119000001832843,-0.164722873021816,0.));
#3605=CARTESIAN_POINT('',(0.0163222314914582,-0.164722873021816,0.));
#3606=CARTESIAN_POINT('',(0.0123222314914582,-0.164722873021816,0.));
#3607=CARTESIAN_POINT('',(0.0163222314914582,-0.164722873021816,0.));
#3608=CARTESIAN_POINT('Origin',(0.119000001832843,-0.168722873021816,0.));
#3609=CARTESIAN_POINT('',(0.123000001832843,-0.168722873021816,0.));
#3610=CARTESIAN_POINT('',(0.123000001832843,-0.168722873021816,0.));
#3611=CARTESIAN_POINT('Origin',(0.119000001832843,-0.168722873021816,0.));
#3612=CARTESIAN_POINT('Origin',(0.123000001832843,-0.238000001609325,0.));
#3613=CARTESIAN_POINT('',(0.123000001832843,-0.234000001609325,0.));
#3614=CARTESIAN_POINT('',(0.123000001832843,-0.234000001609325,0.));
#3615=CARTESIAN_POINT('',(0.123000001832843,-0.164722873021816,0.));
#3616=CARTESIAN_POINT('Origin',(0.119000001832843,-0.234000001609325,0.));
#3617=CARTESIAN_POINT('',(0.119000001832843,-0.238000001609325,0.));
#3618=CARTESIAN_POINT('',(0.119000001832843,-0.238000001609325,0.));
#3619=CARTESIAN_POINT('Origin',(0.119000001832843,-0.234000001609325,0.));
#3620=CARTESIAN_POINT('Origin',(0.0676611166621505,-0.201361437315571,0.003));
#3621=CARTESIAN_POINT('',(0.0193080137577962,-0.169804371118215,0.003));
#3622=CARTESIAN_POINT('Origin',(0.0177080137577962,-0.169804371118215,0.003));
#3623=CARTESIAN_POINT('',(0.019464894140678,-0.23268311049163,0.003));
#3624=CARTESIAN_POINT('Origin',(0.017864894140678,-0.23268311049163,0.003));
#3625=CARTESIAN_POINT('',(0.120100001765788,-0.170000000596046,0.003));
#3626=CARTESIAN_POINT('Origin',(0.118500001765788,-0.170000000596046,0.003));
#3627=CARTESIAN_POINT('',(0.120247123259813,-0.232698133112858,0.003));
#3628=CARTESIAN_POINT('Origin',(0.118647123259813,-0.232698133112858,0.003));
#3629=CARTESIAN_POINT('',(0.106000001579523,-0.200000001043081,0.003));
#3630=CARTESIAN_POINT('',(0.106000001579523,-0.218000001311302,0.003));
#3631=CARTESIAN_POINT('',(0.106000001579523,-0.200680719179326,0.003));
#3632=CARTESIAN_POINT('',(0.0300000004470348,-0.218000001311302,0.003));
#3633=CARTESIAN_POINT('',(0.0868305591208368,-0.218000001311302,0.003));
#3634=CARTESIAN_POINT('',(0.0300000004470348,-0.200000001043081,0.003));
#3635=CARTESIAN_POINT('',(0.0300000004470348,-0.209680719313436,0.003));
#3636=CARTESIAN_POINT('',(0.0488305585545927,-0.200000001043081,0.003));
#3637=CARTESIAN_POINT('Origin',(0.0163222314914582,-0.234000001609325,0.));
#3638=CARTESIAN_POINT('',(0.0123222314914582,-0.234000001609325,0.));
#3639=CARTESIAN_POINT('',(0.0123222314914582,-0.234000001609325,0.));
#3640=CARTESIAN_POINT('',(0.0163222314914582,-0.238000001609325,0.));
#3641=CARTESIAN_POINT('Origin',(0.0163222314914582,-0.234000001609325,0.));
#3642=CARTESIAN_POINT('',(0.0163222314914582,-0.238000001609325,0.));
#3643=CARTESIAN_POINT('Origin',(0.0123222314914582,-0.238000001609325,0.));
#3644=CARTESIAN_POINT('',(0.123000001832843,-0.238000001609325,0.));
#3645=CARTESIAN_POINT('Origin',(0.0676611166621505,-0.201361437315571,0.));
#3646=CARTESIAN_POINT('',(0.0123222314914582,-0.168722873021816,0.));
#3647=CARTESIAN_POINT('',(0.0123222314914582,-0.238000001609325,0.));
#3648=CARTESIAN_POINT('Origin',(0.0163222314914582,-0.168722873021816,0.));
#3649=CARTESIAN_POINT('',(0.106000001579523,-0.218000001311302,0.));
#3650=CARTESIAN_POINT('',(0.106000001579523,-0.200000001043081,0.));
#3651=CARTESIAN_POINT('',(0.106000001579523,-0.200680719179326,0.));
#3652=CARTESIAN_POINT('',(0.0300000004470348,-0.200000001043081,0.));
#3653=CARTESIAN_POINT('',(0.0488305585545927,-0.200000001043081,0.));
#3654=CARTESIAN_POINT('',(0.0300000004470348,-0.218000001311302,0.));
#3655=CARTESIAN_POINT('',(0.0300000004470348,-0.209680719313436,0.));
#3656=CARTESIAN_POINT('',(0.0868305591208368,-0.218000001311302,0.));
#3657=CARTESIAN_POINT('',(0.120247123259813,-0.232698133112858,0.));
#3658=CARTESIAN_POINT('Origin',(0.118647123259813,-0.232698133112858,0.));
#3659=CARTESIAN_POINT('',(0.120100001765788,-0.170000000596046,0.));
#3660=CARTESIAN_POINT('Origin',(0.118500001765788,-0.170000000596046,0.));
#3661=CARTESIAN_POINT('',(0.019464894140678,-0.23268311049163,0.));
#3662=CARTESIAN_POINT('Origin',(0.017864894140678,-0.23268311049163,0.));
#3663=CARTESIAN_POINT('',(0.0193080137577962,-0.169804371118215,0.));
#3664=CARTESIAN_POINT('Origin',(0.0177080137577962,-0.169804371118215,0.));
#3665=CARTESIAN_POINT('Origin',(0.0163222314914582,-0.168722873021816,0.));
#3666=CARTESIAN_POINT('',(0.0123222314914582,-0.168722873021816,0.));
#3667=CARTESIAN_POINT('Origin',(0.0177080137577962,-0.169804371118215,0.003));
#3668=CARTESIAN_POINT('',(0.0193080137577962,-0.169804371118215,0.003));
#3669=CARTESIAN_POINT('Origin',(0.017864894140678,-0.23268311049163,0.003));
#3670=CARTESIAN_POINT('',(0.019464894140678,-0.23268311049163,0.003));
#3671=CARTESIAN_POINT('Origin',(0.118500001765788,-0.170000000596046,0.003));
#3672=CARTESIAN_POINT('',(0.120100001765788,-0.170000000596046,0.003));
#3673=CARTESIAN_POINT('Origin',(0.118647123259813,-0.232698133112858,0.003));
#3674=CARTESIAN_POINT('',(0.120247123259813,-0.232698133112858,0.003));
#3675=CARTESIAN_POINT('Origin',(0.0300000004470348,-0.218000001311302,0.003));
#3676=CARTESIAN_POINT('',(0.0300000004470348,-0.200000001043081,0.003));
#3677=CARTESIAN_POINT('',(0.0300000004470348,-0.218000001311302,0.003));
#3678=CARTESIAN_POINT('Origin',(0.106000001579523,-0.218000001311302,0.003));
#3679=CARTESIAN_POINT('',(0.106000001579523,-0.218000001311302,0.003));
#3680=CARTESIAN_POINT('Origin',(0.106000001579523,-0.200000001043081,0.003));
#3681=CARTESIAN_POINT('',(0.106000001579523,-0.200000001043081,0.003));
#3682=CARTESIAN_POINT('Origin',(0.0300000004470348,-0.200000001043081,0.003));
#3683=CARTESIAN_POINT('Origin',(0.0123222314914582,-0.164722873021816,0.));
#3684=UNCERTAINTY_MEASURE_WITH_UNIT(LENGTH_MEASURE(1.E-5),#3688,
'DISTANCE_ACCURACY_VALUE',
'Maximum model space distance between geometric entities at asserted c
onnectivities');
#3685=UNCERTAINTY_MEASURE_WITH_UNIT(LENGTH_MEASURE(1.E-5),#3688,
'DISTANCE_ACCURACY_VALUE',
'Maximum model space distance between geometric entities at asserted c
onnectivities');
#3686=(
GEOMETRIC_REPRESENTATION_CONTEXT(3)
GLOBAL_UNCERTAINTY_ASSIGNED_CONTEXT((#3684))
GLOBAL_UNIT_ASSIGNED_CONTEXT((#3688,#3689,#3690))
REPRESENTATION_CONTEXT('','3D')
);
#3687=(
GEOMETRIC_REPRESENTATION_CONTEXT(3)
GLOBAL_UNCERTAINTY_ASSIGNED_CONTEXT((#3685))
GLOBAL_UNIT_ASSIGNED_CONTEXT((#3688,#3689,#3690))
REPRESENTATION_CONTEXT('','3D')
);
#3688=(
LENGTH_UNIT()
NAMED_UNIT(*)
SI_UNIT($,.METRE.)
);
#3689=(
NAMED_UNIT(*)
PLANE_ANGLE_UNIT()
SI_UNIT($,.RADIAN.)
);
#3690=(
NAMED_UNIT(*)
SI_UNIT($,.STERADIAN.)
SOLID_ANGLE_UNIT()
);
#3691=SHAPE_DEFINITION_REPRESENTATION(#3692,#3693);
#3692=PRODUCT_DEFINITION_SHAPE('',$,#3695);
#3693=SHAPE_REPRESENTATION('',(#2207),#3686);
#3694=PRODUCT_DEFINITION_CONTEXT('part definition',#3699,'design');
#3695=PRODUCT_DEFINITION('Assembly 1','The Clicking Clock',#3696,#3694);
#3696=PRODUCT_DEFINITION_FORMATION('',$,#3701);
#3697=PRODUCT_RELATED_PRODUCT_CATEGORY('The Clicking Clock',
'The Clicking Clock',(#3701));
#3698=APPLICATION_PROTOCOL_DEFINITION('international standard',
'automotive_design',2009,#3699);
#3699=APPLICATION_CONTEXT(
'Core Data for Automotive Mechanical Design Process');
#3700=PRODUCT_CONTEXT('part definition',#3699,'mechanical');
#3701=PRODUCT('Assembly 1','The Clicking Clock','STEP AP242 Edition 2',
(#3700));
#3702=PRESENTATION_STYLE_ASSIGNMENT((#3703));
#3703=SURFACE_STYLE_USAGE(.BOTH.,#3704);
#3704=SURFACE_SIDE_STYLE('',(#3705));
#3705=SURFACE_STYLE_FILL_AREA(#3706);
#3706=FILL_AREA_STYLE('Steel - Satin',(#3707));
#3707=FILL_AREA_STYLE_COLOUR('Steel - Satin',#3708);
#3708=COLOUR_RGB('Steel - Satin',0.627450980392157,0.627450980392157,0.627450980392157);
ENDSEC;
END-ISO-10303-21;
